timestamp,src,sport,dst,dport,proto,pred
2025-11-13 22:50:36,18.97.36.9,443,192.168.1.35,53613,TCP,0
2025-11-13 22:50:36,192.168.1.35,53613,18.97.36.9,443,TCP,0
2025-11-13 22:50:39,192.168.1.35,54539,142.251.223.165,443,TCP,0
2025-11-13 22:50:39,142.251.223.165,443,192.168.1.35,54539,TCP,0
2025-11-13 22:50:39,18.161.216.127,443,192.168.1.35,61527,TCP,0
2025-11-13 22:50:39,192.168.1.35,61527,18.161.216.127,443,TCP,0
2025-11-13 22:50:42,192.168.1.35,55475,52.178.17.235,443,TCP,0
2025-11-13 22:50:42,52.178.17.235,443,192.168.1.35,55475,TCP,0
2025-11-13 22:50:44,192.168.1.35,63263,74.125.24.188,443,TCP,0
2025-11-13 22:50:44,74.125.24.188,443,192.168.1.35,63263,TCP,0
2025-11-13 22:50:46,192.168.1.35,57656,74.125.24.188,443,TCP,0
2025-11-13 22:50:46,74.125.24.188,443,192.168.1.35,57656,TCP,0
2025-11-13 22:50:53,57.144.169.33,443,192.168.1.35,59457,TCP,0
2025-11-13 22:50:53,192.168.1.35,59457,57.144.169.33,443,TCP,0
2025-11-13 22:50:56,4.186.9.165,443,192.168.1.35,58851,TCP,0
2025-11-13 22:50:57,192.168.1.35,58851,4.186.9.165,443,TCP,0
2025-11-13 22:50:59,18.97.36.72,443,192.168.1.35,58833,TCP,0
2025-11-13 22:50:59,192.168.1.35,58833,18.97.36.72,443,TCP,0
2025-11-13 22:51:01,192.168.1.35,49680,20.199.39.224,443,TCP,0
2025-11-13 22:51:01,192.168.1.2,48353,239.255.255.250,1900,UDP,0
2025-11-13 22:51:02,20.199.39.224,443,192.168.1.35,49680,TCP,0
2025-11-13 22:51:03,192.168.1.2,0,224.0.0.251,0,OTHER,0
2025-11-13 22:51:03,192.168.1.2,0,239.255.255.250,0,OTHER,0
2025-11-13 22:51:05,192.168.1.35,51099,18.97.36.8,443,TCP,0
2025-11-13 22:51:05,18.97.36.8,443,192.168.1.35,51099,TCP,0
2025-11-13 22:51:06,0.0.0.0,0,224.0.0.1,0,OTHER,0
2025-11-13 22:51:06,192.168.1.13,0,224.0.0.251,0,OTHER,0
2025-11-13 22:51:06,192.168.1.13,0,239.255.255.250,0,OTHER,0
2025-11-13 22:51:07,192.168.1.10,0,239.255.102.18,0,OTHER,0
2025-11-13 22:51:07,192.168.1.10,0,224.0.0.252,0,OTHER,0
2025-11-13 22:51:07,192.168.1.10,0,239.255.255.250,0,OTHER,0
2025-11-13 22:51:07,192.168.1.10,0,224.0.0.251,0,OTHER,0
2025-11-13 22:51:09,18.97.36.17,443,192.168.1.35,54249,TCP,0
2025-11-13 22:51:09,192.168.1.35,54249,18.97.36.17,443,TCP,0
2025-11-13 22:51:12,192.168.1.35,62620,52.45.154.252,443,TCP,0
2025-11-13 22:51:12,192.168.1.35,62704,142.250.29.94,443,TCP,0
2025-11-13 22:51:12,142.250.29.94,443,192.168.1.35,62704,TCP,0
2025-11-13 22:51:12,52.45.154.252,443,192.168.1.35,62620,TCP,0
2025-11-13 22:51:13,192.168.1.35,63724,35.169.47.173,443,TCP,0
2025-11-13 22:51:13,192.168.1.35,53203,35.169.47.173,443,TCP,0
2025-11-13 22:51:13,192.168.1.35,51054,35.169.47.173,443,TCP,0
2025-11-13 22:51:13,192.168.1.35,50491,35.169.47.173,443,TCP,0
2025-11-13 22:51:13,35.169.47.173,443,192.168.1.35,51054,TCP,0
2025-11-13 22:51:13,192.168.1.35,59069,35.169.47.173,443,TCP,0
2025-11-13 22:51:13,35.169.47.173,443,192.168.1.35,59069,TCP,0
2025-11-13 22:51:13,35.169.47.173,443,192.168.1.35,50491,TCP,0
2025-11-13 22:51:13,192.168.1.35,58828,54.163.85.238,443,TCP,0
2025-11-13 22:51:14,192.168.1.35,53888,35.169.47.173,443,TCP,0
2025-11-13 22:51:14,35.169.47.173,443,192.168.1.35,53888,TCP,0
2025-11-13 22:51:14,192.168.1.35,50854,4.213.25.242,443,TCP,0
2025-11-13 22:51:14,4.213.25.242,443,192.168.1.35,50854,TCP,0
2025-11-13 22:51:14,192.168.1.35,64491,54.163.85.238,443,TCP,0
2025-11-13 22:51:14,54.163.85.238,443,192.168.1.35,58828,TCP,0
2025-11-13 22:51:14,54.163.85.238,443,192.168.1.35,64491,TCP,0
2025-11-13 22:51:14,192.168.1.40,5353,224.0.0.251,5353,UDP,0
2025-11-13 22:51:15,192.168.1.35,50505,100.26.84.113,443,TCP,0
2025-11-13 22:51:16,35.169.47.173,443,192.168.1.35,53203,TCP,0
2025-11-13 22:51:16,100.26.84.113,443,192.168.1.35,50505,TCP,0
2025-11-13 22:51:17,192.168.1.35,54679,142.251.43.227,443,UDP,0
2025-11-13 22:51:17,142.251.43.227,443,192.168.1.35,54679,UDP,0
2025-11-13 22:51:17,192.168.1.35,53898,52.87.124.85,443,TCP,0
2025-11-13 22:51:17,52.87.124.85,443,192.168.1.35,53898,TCP,0
2025-11-13 22:51:20,35.169.47.173,443,192.168.1.35,63724,TCP,0
2025-11-13 22:51:21,192.168.1.35,50253,8.8.8.8,53,UDP,0
2025-11-13 22:51:21,192.168.1.35,56621,8.8.8.8,53,UDP,0
2025-11-13 22:51:21,8.8.8.8,53,192.168.1.35,56621,UDP,0
2025-11-13 22:51:21,192.168.1.35,57017,8.8.4.4,53,UDP,0
2025-11-13 22:51:21,8.8.4.4,53,192.168.1.35,57017,UDP,0
2025-11-13 22:51:22,192.168.1.35,64494,13.107.246.58,443,TCP,0
2025-11-13 22:51:22,13.107.246.58,443,192.168.1.35,64494,TCP,0
2025-11-13 22:51:24,192.168.1.35,53613,18.97.36.9,443,TCP,0
2025-11-13 22:51:24,18.97.36.9,443,192.168.1.35,53613,TCP,0
2025-11-13 22:51:24,192.168.1.35,54539,142.251.223.165,443,TCP,0
2025-11-13 22:51:25,142.251.223.165,443,192.168.1.35,54539,TCP,0
2025-11-13 22:51:26,52.123.128.14,443,192.168.1.35,52878,TCP,0
2025-11-13 22:51:27,192.168.1.35,55475,52.178.17.235,443,TCP,0
2025-11-13 22:51:28,52.178.17.235,443,192.168.1.35,55475,TCP,0
2025-11-13 22:51:28,192.168.1.35,54544,140.82.112.22,443,TCP,0
2025-11-13 22:51:28,192.168.1.35,59407,4.186.9.165,443,TCP,0
2025-11-13 22:51:28,4.186.9.165,443,192.168.1.35,59407,TCP,0
2025-11-13 22:51:28,140.82.112.22,443,192.168.1.35,54544,TCP,0
2025-11-13 22:51:29,192.168.1.35,63263,74.125.24.188,443,TCP,0
2025-11-13 22:51:29,74.125.24.188,443,192.168.1.35,63263,TCP,0
2025-11-13 22:51:29,142.250.29.94,443,192.168.1.35,52804,UDP,0
2025-11-13 22:51:29,192.168.1.35,52804,142.250.29.94,443,UDP,0
2025-11-13 22:51:29,192.168.1.35,53857,129.227.206.6,443,TCP,0
2025-11-13 22:51:29,129.227.206.6,443,192.168.1.35,53857,TCP,0
2025-11-13 22:51:30,192.168.1.35,57283,49.44.144.195,443,UDP,0
2025-11-13 22:51:30,49.44.144.195,443,192.168.1.35,57283,UDP,0
2025-11-13 22:51:31,192.168.1.35,59411,52.72.193.44,443,TCP,0
2025-11-13 22:51:31,192.168.1.35,59943,52.72.193.44,443,TCP,0
2025-11-13 22:51:31,52.72.193.44,443,192.168.1.35,59411,TCP,0
2025-11-13 22:51:31,52.72.193.44,443,192.168.1.35,59943,TCP,0
2025-11-13 22:51:31,192.168.1.35,57656,74.125.24.188,443,TCP,0
2025-11-13 22:51:31,74.125.24.188,443,192.168.1.35,57656,TCP,0
2025-11-13 22:51:36,4.186.9.165,443,192.168.1.35,58851,TCP,0
2025-11-13 22:51:36,192.168.1.35,58851,4.186.9.165,443,TCP,0
2025-11-13 22:51:39,192.168.1.35,53213,18.161.216.15,443,TCP,0
2025-11-13 22:51:39,18.161.216.15,443,192.168.1.35,53213,TCP,0
2025-11-13 22:51:41,192.168.1.35,137,192.168.1.1,137,UDP,0
2025-11-13 22:51:41,192.168.1.35,50692,44.207.170.235,443,TCP,0
2025-11-13 22:51:41,44.207.170.235,443,192.168.1.35,50692,TCP,0
2025-11-13 22:51:43,192.168.1.35,50320,44.207.170.235,443,TCP,0
2025-11-13 22:51:43,44.207.170.235,443,192.168.1.35,50320,TCP,0
2025-11-13 22:51:45,192.168.1.35,58833,18.97.36.72,443,TCP,0
2025-11-13 22:51:46,18.97.36.72,443,192.168.1.35,58833,TCP,0
2025-11-13 22:51:46,192.168.1.35,61890,4.213.25.242,443,TCP,0
2025-11-13 22:51:46,4.213.25.242,443,192.168.1.35,61890,TCP,0
2025-11-13 22:51:46,192.168.1.40,5353,224.0.0.251,5353,UDP,0
2025-11-13 22:51:49,192.168.1.35,51099,18.97.36.8,443,TCP,0
2025-11-13 22:51:49,18.97.36.8,443,192.168.1.35,51099,TCP,0
2025-11-13 22:51:49,192.168.1.35,61496,142.251.222.164,443,UDP,0
2025-11-13 22:51:49,142.251.222.164,443,192.168.1.35,61496,UDP,0
2025-11-13 22:51:49,192.168.1.35,60917,142.250.77.138,443,UDP,0
2025-11-13 22:51:49,192.168.1.35,57083,142.250.205.46,443,UDP,0
2025-11-13 22:51:49,142.250.77.138,443,192.168.1.35,60917,UDP,0
2025-11-13 22:51:49,142.250.205.46,443,192.168.1.35,57083,UDP,0
2025-11-13 22:51:49,192.168.1.35,55661,142.250.77.138,443,UDP,0
2025-11-13 22:51:49,142.250.77.138,443,192.168.1.35,55661,UDP,0
2025-11-13 22:51:50,192.168.1.35,62174,142.251.222.193,443,UDP,0
2025-11-13 22:51:50,142.251.222.193,443,192.168.1.35,62174,UDP,0
2025-11-13 22:51:50,192.168.1.35,63386,142.251.223.238,443,UDP,0
2025-11-13 22:51:50,142.251.223.238,443,192.168.1.35,63386,UDP,0
2025-11-13 22:51:50,192.168.1.35,58131,142.251.221.162,443,UDP,0
2025-11-13 22:51:50,142.251.221.162,443,192.168.1.35,58131,UDP,0
2025-11-13 22:51:50,192.168.1.35,49664,142.251.222.193,443,UDP,0
2025-11-13 22:51:50,142.251.222.193,443,192.168.1.35,49664,UDP,0
2025-11-13 22:51:51,192.168.1.1,0,192.168.1.35,0,OTHER,0
2025-11-13 22:51:51,13.204.106.34,443,192.168.1.35,51091,TCP,0
2025-11-13 22:51:51,192.168.1.35,50676,142.250.193.170,443,UDP,0
2025-11-13 22:51:51,142.250.193.170,443,192.168.1.35,50676,UDP,0
2025-11-13 22:51:51,192.168.1.35,64663,13.204.106.34,443,TCP,0
2025-11-13 22:51:51,192.168.1.35,51091,13.204.106.34,443,TCP,0
2025-11-13 22:51:51,13.204.106.34,443,192.168.1.35,64663,TCP,0
2025-11-13 22:51:51,192.168.1.35,55609,142.250.193.170,443,UDP,0
2025-11-13 22:51:51,142.250.193.170,443,192.168.1.35,55609,UDP,0
2025-11-13 22:51:52,192.168.1.35,50066,142.251.223.14,443,UDP,0
2025-11-13 22:51:52,142.251.223.14,443,192.168.1.35,50066,UDP,0
2025-11-13 22:51:52,192.168.1.35,54627,13.204.106.34,443,TCP,0
2025-11-13 22:51:52,192.168.1.35,63088,13.204.106.34,443,TCP,0
2025-11-13 22:51:52,192.168.1.35,58223,13.204.106.34,443,TCP,0
2025-11-13 22:51:52,13.204.106.34,443,192.168.1.35,58223,TCP,0
2025-11-13 22:51:52,13.204.106.34,443,192.168.1.35,54627,TCP,0
2025-11-13 22:51:52,13.204.106.34,443,192.168.1.35,63088,TCP,0
2025-11-13 22:51:52,192.168.1.35,54166,74.125.200.84,443,UDP,0
2025-11-13 22:51:52,74.125.200.84,443,192.168.1.35,54166,UDP,0
2025-11-13 22:51:52,192.168.1.35,58798,142.251.223.238,443,UDP,0
2025-11-13 22:51:52,142.251.223.238,443,192.168.1.35,58798,UDP,0
2025-11-13 22:51:52,192.168.1.35,59334,142.251.221.102,443,UDP,0
2025-11-13 22:51:52,142.251.221.102,443,192.168.1.35,59334,UDP,0
2025-11-13 22:51:52,192.168.1.35,52864,142.251.221.99,443,UDP,0
2025-11-13 22:51:52,142.251.221.99,443,192.168.1.35,52864,UDP,0
2025-11-13 22:51:53,192.168.1.35,60729,142.250.182.78,443,UDP,0
2025-11-13 22:51:53,142.250.182.78,443,192.168.1.35,60729,UDP,0
2025-11-13 22:51:55,192.168.1.35,60774,142.250.77.142,443,UDP,0
2025-11-13 22:51:55,142.250.77.142,443,192.168.1.35,60774,UDP,0
2025-11-13 22:51:57,192.168.1.35,51335,142.251.222.164,443,UDP,0
2025-11-13 22:51:57,142.251.222.164,443,192.168.1.35,51335,UDP,0
2025-11-13 22:51:59,52.178.17.235,443,192.168.1.35,55475,TCP,0
2025-11-13 22:52:00,192.168.1.35,52656,142.250.193.170,443,UDP,0
2025-11-13 22:52:00,142.250.193.170,443,192.168.1.35,52656,UDP,0
2025-11-13 22:52:01,192.168.1.35,50505,100.26.84.113,443,TCP,0
2025-11-13 22:52:01,100.26.84.113,443,192.168.1.35,50505,TCP,0
2025-11-13 22:52:02,192.168.1.35,53898,52.87.124.85,443,TCP,0
2025-11-13 22:52:02,52.87.124.85,443,192.168.1.35,53898,TCP,0
2025-11-13 22:52:03,192.168.1.35,56344,142.251.43.142,443,UDP,0
2025-11-13 22:52:03,142.251.43.142,443,192.168.1.35,56344,UDP,0
2025-11-13 22:52:06,192.168.1.35,53141,8.8.8.8,53,UDP,0
2025-11-13 22:52:06,192.168.1.35,60931,8.8.8.8,53,UDP,0
2025-11-13 22:52:06,8.8.8.8,53,192.168.1.35,53141,UDP,0
2025-11-13 22:52:06,8.8.8.8,53,192.168.1.35,60931,UDP,0
2025-11-13 22:52:07,192.168.1.35,64494,13.107.246.58,443,TCP,0
2025-11-13 22:52:07,13.107.246.58,443,192.168.1.35,64494,TCP,0
2025-11-13 22:52:08,192.168.1.35,58225,52.182.143.209,443,TCP,0
2025-11-13 22:52:08,52.182.143.209,443,192.168.1.35,58225,TCP,0
2025-11-13 22:52:08,192.168.1.35,53135,142.250.205.106,443,UDP,0
2025-11-13 22:52:08,142.250.205.106,443,192.168.1.35,53135,UDP,0
2025-11-13 22:52:09,192.168.1.35,54539,142.251.223.165,443,TCP,0
2025-11-13 22:52:09,142.251.223.165,443,192.168.1.35,54539,TCP,0
2025-11-13 22:52:09,192.168.1.35,50747,8.8.8.8,53,UDP,0
2025-11-13 22:52:09,8.8.8.8,53,192.168.1.35,50747,UDP,0
2025-11-13 22:52:09,192.168.1.35,50747,8.8.4.4,53,UDP,0
2025-11-13 22:52:09,8.8.4.4,53,192.168.1.35,50747,UDP,0
2025-11-13 22:52:13,192.168.1.35,50491,35.169.47.173,443,TCP,0
2025-11-13 22:52:13,35.169.47.173,443,192.168.1.35,50491,TCP,0
2025-11-13 22:52:13,192.168.1.35,58828,54.163.85.238,443,TCP,0
2025-11-13 22:52:13,192.168.1.35,50854,4.213.25.242,443,TCP,0
2025-11-13 22:52:14,4.213.25.242,443,192.168.1.35,50854,TCP,0
2025-11-13 22:52:14,54.163.85.238,443,192.168.1.35,58828,TCP,0
2025-11-13 22:52:14,192.168.1.35,63263,74.125.24.188,443,TCP,0
2025-11-13 22:52:14,74.125.24.188,443,192.168.1.35,63263,TCP,0
2025-11-13 22:52:14,192.168.1.35,53888,35.169.47.173,443,TCP,0
2025-11-13 22:52:14,192.168.1.35,64491,54.163.85.238,443,TCP,0
2025-11-13 22:52:14,192.168.1.35,56683,35.227.218.218,443,UDP,0
2025-11-13 22:52:14,35.227.218.218,443,192.168.1.35,56683,UDP,0
2025-11-13 22:52:14,192.168.1.35,62704,142.250.29.94,443,TCP,0
2025-11-13 22:52:14,142.250.29.94,443,192.168.1.35,62704,TCP,0
2025-11-13 22:52:14,192.168.1.35,51154,35.227.218.218,443,UDP,0
2025-11-13 22:52:14,192.168.1.35,61156,35.227.218.218,443,TCP,0
2025-11-13 22:52:14,35.227.218.218,443,192.168.1.35,61156,TCP,0
2025-11-13 22:52:14,35.227.218.218,443,192.168.1.35,51154,UDP,0
2025-11-13 22:52:14,35.169.47.173,443,192.168.1.35,53888,TCP,0
2025-11-13 22:52:14,54.163.85.238,443,192.168.1.35,64491,TCP,0
2025-11-13 22:52:15,192.168.1.35,53857,129.227.206.6,443,TCP,0
2025-11-13 22:52:15,129.227.206.6,443,192.168.1.35,53857,TCP,0
2025-11-13 22:52:15,192.168.1.35,58224,104.208.16.92,443,TCP,0
2025-11-13 22:52:15,104.208.16.92,443,192.168.1.35,58224,TCP,0
2025-11-13 22:52:16,192.168.1.35,61158,57.144.169.32,443,TCP,0
2025-11-13 22:52:16,192.168.1.35,61160,57.144.209.32,443,TCP,0
2025-11-13 22:52:16,57.144.169.32,443,192.168.1.35,61158,TCP,0
2025-11-13 22:52:16,57.144.209.32,443,192.168.1.35,61160,TCP,0
2025-11-13 22:52:16,192.168.1.35,61157,163.70.144.60,443,TCP,0
2025-11-13 22:52:16,192.168.1.35,61159,202.88.157.98,443,TCP,0
2025-11-13 22:52:16,202.88.157.98,443,192.168.1.35,61159,TCP,0
2025-11-13 22:52:16,163.70.144.60,443,192.168.1.35,61157,TCP,0
2025-11-13 22:52:16,192.168.1.35,57656,74.125.24.188,443,TCP,0
2025-11-13 22:52:16,74.125.24.188,443,192.168.1.35,57656,TCP,0
2025-11-13 22:52:16,4.186.9.165,443,192.168.1.35,58851,TCP,0
2025-11-13 22:52:16,192.168.1.35,58851,4.186.9.165,443,TCP,0
2025-11-13 22:52:18,192.168.1.35,53660,8.8.8.8,53,UDP,0
2025-11-13 22:52:18,8.8.8.8,53,192.168.1.35,53660,UDP,0
2025-11-13 22:52:20,192.168.1.35,61161,20.189.173.8,443,TCP,0
2025-11-13 22:52:20,20.189.173.8,443,192.168.1.35,61161,TCP,0
2025-11-13 22:52:21,57.144.169.33,443,192.168.1.35,59457,TCP,0
2025-11-13 22:52:21,192.168.1.35,59457,57.144.169.33,443,TCP,0
2025-11-13 22:52:23,192.168.1.35,59407,4.186.9.165,443,TCP,0
2025-11-13 22:52:23,4.186.9.165,443,192.168.1.35,59407,TCP,0
2025-11-13 22:52:24,192.168.1.35,53213,18.161.216.15,443,TCP,0
2025-11-13 22:52:24,18.161.216.15,443,192.168.1.35,53213,TCP,0
2025-11-13 22:52:28,192.168.1.45,0,224.0.0.251,0,OTHER,0
2025-11-13 22:52:28,192.168.1.35,63850,142.251.222.164,443,UDP,0
2025-11-13 22:52:28,142.251.222.164,443,192.168.1.35,63850,UDP,0
2025-11-13 22:52:28,192.168.1.35,50627,142.250.205.46,443,UDP,0
2025-11-13 22:52:28,142.250.205.46,443,192.168.1.35,50627,UDP,0
2025-11-13 22:52:29,192.168.1.35,53115,142.250.77.138,443,UDP,0
2025-11-13 22:52:29,142.250.77.138,443,192.168.1.35,53115,UDP,0
2025-11-13 22:52:29,192.168.1.35,62423,142.251.222.193,443,UDP,0
2025-11-13 22:52:29,142.251.222.193,443,192.168.1.35,62423,UDP,0
2025-11-13 22:52:29,192.168.1.45,5353,224.0.0.251,5353,UDP,0
2025-11-13 22:52:29,192.168.1.35,65444,142.251.223.238,443,UDP,0
2025-11-13 22:52:29,142.251.223.238,443,192.168.1.35,65444,UDP,0
2025-11-13 22:52:30,192.168.1.35,61280,129.227.206.5,443,TCP,0
2025-11-13 22:52:30,129.227.206.5,443,192.168.1.35,61280,TCP,0
2025-11-13 22:52:30,192.168.1.35,61598,142.251.221.202,443,UDP,0
2025-11-13 22:52:30,142.251.221.202,443,192.168.1.35,61598,UDP,0
2025-11-13 22:52:30,192.168.1.35,59943,52.72.193.44,443,TCP,0
2025-11-13 22:52:31,52.72.193.44,443,192.168.1.35,59943,TCP,0
2025-11-13 22:52:31,192.168.1.35,50134,142.251.43.227,443,UDP,0
2025-11-13 22:52:31,142.251.43.227,443,192.168.1.35,50134,UDP,0
2025-11-13 22:52:32,192.168.1.35,59055,142.250.207.78,443,UDP,0
2025-11-13 22:52:32,142.250.207.78,443,192.168.1.35,59055,UDP,0
2025-11-13 22:52:33,192.168.1.35,60012,142.251.223.14,443,UDP,0
2025-11-13 22:52:34,142.251.223.14,443,192.168.1.35,60012,UDP,0
2025-11-13 22:52:34,192.168.1.35,62934,142.251.222.193,443,UDP,0
2025-11-13 22:52:34,142.251.222.193,443,192.168.1.35,62934,UDP,0
2025-11-13 22:52:34,192.168.1.35,50408,142.251.221.162,443,UDP,0
2025-11-13 22:52:34,192.168.1.35,59411,52.72.193.44,443,TCP,0
2025-11-13 22:52:34,142.251.221.162,443,192.168.1.35,50408,UDP,0
2025-11-13 22:52:34,192.168.1.35,52044,142.250.67.40,443,UDP,0
2025-11-13 22:52:34,142.250.67.40,443,192.168.1.35,56832,TCP,0
2025-11-13 22:52:34,142.250.67.40,443,192.168.1.35,52044,UDP,0
2025-11-13 22:52:34,192.168.1.35,56832,142.250.67.40,443,TCP,0
2025-11-13 22:52:34,52.72.193.44,443,192.168.1.35,59411,TCP,0
2025-11-13 22:52:34,18.97.36.8,443,192.168.1.35,51099,TCP,0
2025-11-13 22:52:34,192.168.1.35,60326,142.250.193.170,443,UDP,0
2025-11-13 22:52:34,142.250.193.170,443,192.168.1.35,60326,UDP,0
2025-11-13 22:52:34,192.168.1.35,51099,18.97.36.8,443,TCP,0
2025-11-13 22:52:34,192.168.1.35,49807,142.250.182.78,443,UDP,0
2025-11-13 22:52:35,142.250.182.78,443,192.168.1.35,49807,UDP,0
2025-11-13 22:52:35,192.168.1.35,58665,74.125.200.84,443,UDP,0
2025-11-13 22:52:35,74.125.200.84,443,192.168.1.35,58665,UDP,0
2025-11-13 22:52:35,192.168.1.35,63548,142.251.223.238,443,UDP,0
2025-11-13 22:52:35,142.251.223.238,443,192.168.1.35,63548,UDP,0
2025-11-13 22:52:37,192.168.1.35,63447,142.251.222.164,443,UDP,0
2025-11-13 22:52:37,142.251.222.164,443,192.168.1.35,63447,UDP,0
2025-11-13 22:52:38,192.168.1.35,60116,172.64.151.87,443,UDP,0
2025-11-13 22:52:39,172.64.151.87,443,192.168.1.35,60116,UDP,0
2025-11-13 22:52:40,192.168.1.35,50692,44.207.170.235,443,TCP,0
2025-11-13 22:52:40,142.251.222.193,443,192.168.1.35,53787,TCP,0
2025-11-13 22:52:40,192.168.1.35,53787,142.251.222.193,443,TCP,0
2025-11-13 22:52:41,44.207.170.235,443,192.168.1.35,50692,TCP,0
2025-11-13 22:52:41,192.168.1.35,58447,142.251.222.193,443,UDP,0
2025-11-13 22:52:41,142.251.222.193,443,192.168.1.35,58447,UDP,0
2025-11-13 22:52:41,192.168.1.35,54249,18.97.36.17,443,TCP,0
2025-11-13 22:52:41,18.97.36.17,443,192.168.1.35,54249,TCP,0
2025-11-13 22:52:41,192.168.1.35,58833,18.97.36.72,443,TCP,0
2025-11-13 22:52:42,192.168.1.35,55568,44.193.97.126,443,TCP,0
2025-11-13 22:52:42,44.193.97.126,443,192.168.1.35,55568,TCP,0
2025-11-13 22:52:42,192.168.1.35,60827,44.193.97.126,443,TCP,0
2025-11-13 22:52:42,44.193.97.126,443,192.168.1.35,60827,TCP,0
2025-11-13 22:52:42,18.97.36.72,443,192.168.1.35,58833,TCP,0
2025-11-13 22:52:42,192.168.1.35,49404,52.22.139.196,443,TCP,0
2025-11-13 22:52:42,192.168.1.35,54415,142.251.43.142,443,UDP,0
2025-11-13 22:52:42,142.251.43.142,443,192.168.1.35,54415,UDP,0
2025-11-13 22:52:42,52.22.139.196,443,192.168.1.35,49404,TCP,0
2025-11-13 22:52:43,192.168.1.35,53898,52.87.124.85,443,TCP,0
2025-11-13 22:52:44,192.168.1.35,50320,44.207.170.235,443,TCP,0
2025-11-13 22:52:44,44.207.170.235,443,192.168.1.35,50320,TCP,0
2025-11-13 22:52:44,52.87.124.85,443,192.168.1.35,53898,TCP,0
2025-11-13 22:52:45,192.168.1.35,55850,44.193.97.126,443,TCP,0
2025-11-13 22:52:45,44.193.97.126,443,192.168.1.35,55850,TCP,0
2025-11-13 22:52:45,192.168.1.35,60933,44.209.17.134,443,TCP,0
2025-11-13 22:52:45,192.168.1.35,55991,44.207.95.255,443,TCP,0
2025-11-13 22:52:45,192.168.1.35,52008,44.209.17.134,443,TCP,0
2025-11-13 22:52:45,192.168.1.35,63814,44.207.95.255,443,TCP,0
2025-11-13 22:52:45,192.168.1.35,64458,44.209.17.134,443,TCP,0
2025-11-13 22:52:45,192.168.1.35,63316,44.209.17.134,443,TCP,0
2025-11-13 22:52:46,192.168.1.35,53620,44.209.17.134,443,TCP,0
2025-11-13 22:52:46,44.207.95.255,443,192.168.1.35,55991,TCP,0
2025-11-13 22:52:46,44.209.17.134,443,192.168.1.35,60933,TCP,0
2025-11-13 22:52:46,44.207.95.255,443,192.168.1.35,63814,TCP,0
2025-11-13 22:52:46,44.209.17.134,443,192.168.1.35,52008,TCP,0
2025-11-13 22:52:46,44.209.17.134,443,192.168.1.35,63316,TCP,0
2025-11-13 22:52:46,44.209.17.134,443,192.168.1.35,64458,TCP,0
2025-11-13 22:52:46,44.209.17.134,443,192.168.1.35,53620,TCP,0
2025-11-13 22:52:46,192.168.1.35,53206,44.209.17.134,443,TCP,0
2025-11-13 22:52:46,44.209.17.134,443,192.168.1.35,53206,TCP,0
2025-11-13 22:52:46,192.168.1.35,52451,142.250.122.94,443,UDP,0
2025-11-13 22:52:46,142.250.122.94,443,192.168.1.35,52451,UDP,0
2025-11-13 22:52:46,192.168.1.2,57621,192.168.1.255,57621,UDP,0
2025-11-13 22:52:46,192.168.1.35,50505,100.26.84.113,443,TCP,0
2025-11-13 22:52:46,100.26.84.113,443,192.168.1.35,50505,TCP,0
2025-11-13 22:52:48,192.168.1.35,59094,162.247.243.29,443,TCP,0
2025-11-13 22:52:48,162.247.243.29,443,192.168.1.35,59094,TCP,0
2025-11-13 22:52:48,192.168.1.35,58117,162.247.243.29,443,TCP,0
2025-11-13 22:52:48,162.247.243.29,443,192.168.1.35,58117,TCP,0
2025-11-13 22:52:50,192.168.1.40,5353,224.0.0.251,5353,UDP,0
2025-11-13 22:52:52,13.107.246.58,443,192.168.1.35,64494,TCP,0
2025-11-13 22:52:52,192.168.1.35,64494,13.107.246.58,443,TCP,0
2025-11-13 22:52:53,192.168.1.35,53613,18.97.36.9,443,TCP,0
2025-11-13 22:52:54,18.97.36.9,443,192.168.1.35,53613,TCP,0
2025-11-13 22:52:55,192.168.1.35,58223,13.204.106.34,443,TCP,0
2025-11-13 22:52:55,192.168.1.35,63088,13.204.106.34,443,TCP,0
2025-11-13 22:52:55,192.168.1.35,54627,13.204.106.34,443,TCP,0
2025-11-13 22:52:55,13.204.106.34,443,192.168.1.35,58223,TCP,0
2025-11-13 22:52:55,13.204.106.34,443,192.168.1.35,63088,TCP,0
2025-11-13 22:52:55,13.204.106.34,443,192.168.1.35,54627,TCP,0
2025-11-13 22:52:55,192.168.1.35,49664,35.227.218.218,443,UDP,0
2025-11-13 22:52:55,35.227.218.218,443,192.168.1.35,49664,UDP,0
2025-11-13 22:52:55,192.168.1.35,61156,35.227.218.218,443,TCP,0
2025-11-13 22:52:55,192.168.1.35,54329,35.186.229.172,443,TCP,0
2025-11-13 22:52:55,35.227.218.218,443,192.168.1.35,61156,TCP,0
2025-11-13 22:52:55,35.186.229.172,443,192.168.1.35,54329,TCP,0
2025-11-13 22:52:55,192.168.1.35,54744,35.186.229.172,443,TCP,0
2025-11-13 22:52:55,35.186.229.172,443,192.168.1.35,54744,TCP,0
2025-11-13 22:52:56,192.168.1.35,55528,142.250.118.94,443,UDP,0
2025-11-13 22:52:56,192.168.1.35,49665,142.250.205.67,443,UDP,0
2025-11-13 22:52:56,142.250.205.67,443,192.168.1.35,49665,UDP,0
2025-11-13 22:52:56,142.250.118.94,443,192.168.1.35,55528,UDP,0
2025-11-13 22:52:56,192.168.1.1,0,192.168.1.35,0,OTHER,0
2025-11-13 22:52:56,192.168.1.35,58851,4.186.9.165,443,TCP,0
2025-11-13 22:52:56,4.186.9.165,443,192.168.1.35,58851,TCP,0
2025-11-13 22:52:59,192.168.1.35,63263,74.125.24.188,443,TCP,0
2025-11-13 22:52:59,74.125.24.188,443,192.168.1.35,63263,TCP,0
2025-11-13 22:52:59,192.168.1.35,49182,8.8.8.8,443,UDP,0
2025-11-13 22:53:00,8.8.8.8,443,192.168.1.35,49182,UDP,0
2025-11-13 22:53:01,192.168.1.35,59117,35.214.142.18,443,TCP,0
2025-11-13 22:53:01,192.168.1.35,49273,34.89.141.94,443,TCP,0
2025-11-13 22:53:01,35.214.142.18,443,192.168.1.35,59117,TCP,0
2025-11-13 22:53:01,34.89.141.94,443,192.168.1.35,49273,TCP,0
2025-11-13 22:53:01,192.168.1.35,58224,104.208.16.92,443,TCP,0
2025-11-13 22:53:01,192.168.1.2,48353,239.255.255.250,1900,UDP,0
2025-11-13 22:53:01,104.208.16.92,443,192.168.1.35,58224,TCP,0
2025-11-13 22:53:01,192.168.1.35,57656,74.125.24.188,443,TCP,0
2025-11-13 22:53:01,74.125.24.188,443,192.168.1.35,57656,TCP,0
2025-11-13 22:53:01,192.168.1.35,65295,142.250.187.67,443,TCP,0
2025-11-13 22:53:01,192.168.1.35,54554,142.250.187.67,443,TCP,0
2025-11-13 22:53:01,142.250.187.67,443,192.168.1.35,54554,TCP,0
2025-11-13 22:53:01,142.250.187.67,443,192.168.1.35,65295,TCP,0
2025-11-13 22:53:03,192.168.1.35,65111,34.161.115.43,443,TCP,0
2025-11-13 22:53:03,34.161.115.43,443,192.168.1.35,65111,TCP,0
2025-11-13 22:53:03,192.168.1.2,0,224.0.0.251,0,OTHER,0
2025-11-13 22:53:03,192.168.1.35,51667,172.64.151.87,443,UDP,0
2025-11-13 22:53:03,172.64.151.87,443,192.168.1.35,51667,UDP,0
2025-11-13 22:53:04,192.168.1.35,55781,34.198.122.117,443,TCP,0
2025-11-13 22:53:05,34.198.122.117,443,192.168.1.35,55781,TCP,0
2025-11-13 22:53:06,192.168.1.2,0,239.255.255.250,0,OTHER,0
2025-11-13 22:53:09,192.168.1.35,51793,104.18.41.158,443,UDP,0
2025-11-13 22:53:09,104.18.41.158,443,192.168.1.35,51793,UDP,0
2025-11-13 22:53:09,192.168.1.35,54539,142.251.223.165,443,TCP,0
2025-11-13 22:53:09,142.251.223.165,443,192.168.1.35,54539,TCP,0
2025-11-13 22:53:09,192.168.1.35,53213,18.161.216.15,443,TCP,0
2025-11-13 22:53:09,18.161.216.15,443,192.168.1.35,53213,TCP,0
2025-11-13 22:53:10,0.0.0.0,0,224.0.0.1,0,OTHER,0
2025-11-13 22:53:11,192.168.1.7,0,239.255.255.250,0,OTHER,0
2025-11-13 22:53:12,192.168.1.10,0,239.255.102.18,0,OTHER,0
2025-11-13 22:53:12,192.168.1.10,0,224.0.0.252,0,OTHER,0
2025-11-13 22:53:12,192.168.1.10,0,224.0.0.251,0,OTHER,0
2025-11-13 22:53:13,4.213.25.242,443,192.168.1.35,50854,TCP,0
2025-11-13 22:53:13,192.168.1.35,50854,4.213.25.242,443,TCP,0
2025-11-13 22:53:17,192.168.1.35,64612,142.251.43.227,443,UDP,0
2025-11-13 22:53:17,142.251.43.227,443,192.168.1.35,64612,UDP,0
2025-11-13 22:53:17,192.168.1.35,58833,18.97.36.72,443,TCP,0
2025-11-13 22:53:17,18.97.36.72,443,192.168.1.35,58833,TCP,0
2025-11-13 22:53:18,4.186.9.165,443,192.168.1.35,59407,TCP,0
2025-11-13 22:53:18,192.168.1.35,59407,4.186.9.165,443,TCP,0
2025-11-13 22:53:22,57.144.169.33,443,192.168.1.35,59457,TCP,0
2025-11-13 22:53:23,192.168.1.35,59457,57.144.169.33,443,TCP,0
2025-11-13 22:53:26,192.168.1.35,61158,57.144.169.32,443,TCP,0
2025-11-13 22:53:26,57.144.169.32,443,192.168.1.35,61158,TCP,0
2025-11-13 22:53:26,57.144.209.32,443,192.168.1.35,61160,TCP,0
2025-11-13 22:53:26,192.168.1.35,61160,57.144.209.32,443,TCP,0
2025-11-13 22:53:26,163.70.144.60,443,192.168.1.35,61157,TCP,0
2025-11-13 22:53:26,192.168.1.35,61157,163.70.144.60,443,TCP,0
2025-11-13 22:53:27,192.168.1.35,54249,18.97.36.17,443,TCP,0
2025-11-13 22:53:27,18.97.36.17,443,192.168.1.35,54249,TCP,0
2025-11-13 22:53:29,192.168.1.35,53898,52.87.124.85,443,TCP,0
2025-11-13 22:53:29,52.87.124.85,443,192.168.1.35,53898,TCP,0
2025-11-13 22:53:29,192.168.1.35,53857,129.227.206.6,443,TCP,0
2025-11-13 22:53:30,129.227.206.6,443,192.168.1.35,53857,TCP,0
2025-11-13 22:53:30,18.97.36.8,443,192.168.1.35,51099,TCP,0
2025-11-13 22:53:30,192.168.1.35,51099,18.97.36.8,443,TCP,0
2025-11-13 22:53:30,192.168.1.35,59472,142.251.222.206,443,UDP,0
2025-11-13 22:53:30,142.251.222.206,443,192.168.1.35,59472,UDP,0
2025-11-13 22:53:30,192.168.1.35,63504,8.8.8.8,53,UDP,0
2025-11-13 22:53:30,192.168.1.35,50630,8.8.8.8,53,UDP,0
2025-11-13 22:53:30,8.8.8.8,53,192.168.1.35,63504,UDP,0
2025-11-13 22:53:30,8.8.8.8,53,192.168.1.35,50630,UDP,0
2025-11-13 22:53:31,192.168.1.35,54309,8.8.8.8,53,UDP,0
2025-11-13 22:53:31,192.168.1.35,54357,8.8.8.8,53,UDP,0
2025-11-13 22:53:31,8.8.8.8,53,192.168.1.35,54357,UDP,0
2025-11-13 22:53:31,8.8.8.8,53,192.168.1.35,54309,UDP,0
2025-11-13 22:53:31,192.168.1.35,50505,100.26.84.113,443,TCP,0
2025-11-13 22:53:32,100.26.84.113,443,192.168.1.35,50505,TCP,0
2025-11-13 22:53:36,192.168.1.7,60026,239.255.255.250,1900,UDP,0
2025-11-13 22:53:36,192.168.1.7,53142,239.255.255.250,1900,UDP,0
2025-11-13 22:53:36,192.168.1.7,37014,239.255.255.250,1900,UDP,0
2025-11-13 22:53:36,4.186.9.165,443,192.168.1.35,58851,TCP,0
2025-11-13 22:53:36,192.168.1.35,58851,4.186.9.165,443,TCP,0
2025-11-13 22:53:37,192.168.1.7,42987,239.255.255.250,1900,UDP,0
2025-11-13 22:53:39,192.168.1.7,52737,239.255.255.250,1900,UDP,0
2025-11-13 22:53:39,192.168.1.7,33326,239.255.255.250,1900,UDP,0
2025-11-13 22:53:39,192.168.1.7,34542,239.255.255.250,1900,UDP,0
2025-11-13 22:53:39,18.97.36.9,443,192.168.1.35,53613,TCP,0
2025-11-13 22:53:39,192.168.1.35,53613,18.97.36.9,443,TCP,0
2025-11-13 22:53:39,192.168.1.7,51601,239.255.255.250,1900,UDP,0
2025-11-13 22:53:40,192.168.1.35,54329,35.186.229.172,443,TCP,0
2025-11-13 22:53:40,35.186.229.172,443,192.168.1.35,54329,TCP,0
2025-11-13 22:53:40,192.168.1.35,54744,35.186.229.172,443,TCP,0
2025-11-13 22:53:40,35.186.229.172,443,192.168.1.35,54744,TCP,0
2025-11-13 22:53:40,192.168.1.35,63678,104.18.41.158,443,UDP,0
2025-11-13 22:53:40,104.18.41.158,443,192.168.1.35,63678,UDP,0
2025-11-13 22:53:40,192.168.1.35,52393,74.125.200.84,443,UDP,0
2025-11-13 22:53:40,74.125.200.84,443,192.168.1.35,52393,UDP,0
2025-11-13 22:53:41,192.168.1.35,137,192.168.1.1,137,UDP,0
2025-11-13 22:53:42,192.168.1.35,49404,52.22.139.196,443,TCP,0
2025-11-13 22:53:42,52.22.139.196,443,192.168.1.35,49404,TCP,0
2025-11-13 22:53:43,192.168.1.7,0,224.0.0.251,0,OTHER,0
2025-11-13 22:53:44,192.168.1.35,63263,74.125.24.188,443,TCP,0
2025-11-13 22:53:44,192.168.1.35,53660,8.8.8.8,53,UDP,0
2025-11-13 22:53:44,8.8.8.8,53,192.168.1.35,53660,UDP,0
2025-11-13 22:53:44,74.125.24.188,443,192.168.1.35,63263,TCP,0
2025-11-13 22:53:45,192.168.1.35,55850,44.193.97.126,443,TCP,0
2025-11-13 22:53:45,192.168.1.35,63814,44.207.95.255,443,TCP,0
2025-11-13 22:53:45,192.168.1.35,52008,44.209.17.134,443,TCP,0
2025-11-13 22:53:45,44.193.97.126,443,192.168.1.35,55850,TCP,0
2025-11-13 22:53:45,44.207.95.255,443,192.168.1.35,63814,TCP,0
2025-11-13 22:53:45,44.209.17.134,443,192.168.1.35,52008,TCP,0
2025-11-13 22:53:45,192.168.1.35,56832,142.250.67.40,443,TCP,0
2025-11-13 22:53:45,142.250.67.40,443,192.168.1.35,56832,TCP,0
2025-11-13 22:53:45,192.168.1.35,53787,142.251.222.193,443,TCP,0
2025-11-13 22:53:45,142.251.222.193,443,192.168.1.35,53787,TCP,0
2025-11-13 22:53:45,192.168.1.35,60827,44.193.97.126,443,TCP,0
2025-11-13 22:53:45,192.168.1.35,55991,44.207.95.255,443,TCP,0
2025-11-13 22:53:45,192.168.1.35,53206,44.209.17.134,443,TCP,0
2025-11-13 22:53:45,192.168.1.35,60325,35.190.80.1,443,TCP,0
2025-11-13 22:53:45,35.190.80.1,443,192.168.1.35,60325,TCP,0
2025-11-13 22:53:45,44.193.97.126,443,192.168.1.35,60827,TCP,0
2025-11-13 22:53:45,44.207.95.255,443,192.168.1.35,55991,TCP,0
2025-11-13 22:53:45,44.209.17.134,443,192.168.1.35,53206,TCP,0
2025-11-13 22:53:46,192.168.1.35,54556,140.82.114.22,443,TCP,0
2025-11-13 22:53:46,192.168.1.35,59457,192.178.177.94,443,UDP,0
2025-11-13 22:53:46,192.178.177.94,443,192.168.1.35,59457,UDP,0
2025-11-13 22:53:46,140.82.114.22,443,192.168.1.35,54556,TCP,0
2025-11-13 22:53:46,192.168.1.35,61298,35.190.80.1,443,UDP,0
2025-11-13 22:53:46,35.190.80.1,443,192.168.1.35,61298,UDP,0
2025-11-13 22:53:46,192.168.1.2,57621,192.168.1.255,57621,UDP,0
2025-11-13 22:53:46,192.168.1.35,57656,74.125.24.188,443,TCP,0
2025-11-13 22:53:46,74.125.24.188,443,192.168.1.35,57656,TCP,0
2025-11-13 22:53:46,192.168.1.35,54554,142.250.187.67,443,TCP,0
2025-11-13 22:53:47,192.168.1.35,58224,104.208.16.92,443,TCP,0
2025-11-13 22:53:47,192.168.1.35,65295,142.250.187.67,443,TCP,0
2025-11-13 22:53:47,104.208.16.92,443,192.168.1.35,58224,TCP,0
2025-11-13 22:53:47,142.250.187.67,443,192.168.1.35,54554,TCP,0
2025-11-13 22:53:47,142.250.187.67,443,192.168.1.35,65295,TCP,0
2025-11-13 22:53:49,192.168.1.7,55371,239.255.255.250,1900,UDP,0
2025-11-13 22:53:50,192.168.1.35,58117,162.247.243.29,443,TCP,0
2025-11-13 22:53:50,162.247.243.29,443,192.168.1.35,58117,TCP,0
2025-11-13 22:53:52,192.168.1.35,56833,3.233.158.24,443,TCP,0
2025-11-13 22:53:52,192.168.1.35,63338,3.233.158.24,443,TCP,0
2025-11-13 22:53:52,3.233.158.24,443,192.168.1.35,56833,TCP,0
2025-11-13 22:53:52,3.233.158.24,443,192.168.1.35,63338,TCP,0
2025-11-13 22:53:54,192.168.1.35,53213,18.161.216.15,443,TCP,0
2025-11-13 22:53:54,18.161.216.15,443,192.168.1.35,53213,TCP,0
2025-11-13 22:53:56,192.168.1.35,61156,35.227.218.218,443,TCP,0
2025-11-13 22:53:56,35.227.218.218,443,192.168.1.35,61156,TCP,0
2025-11-13 22:53:57,192.168.1.35,55781,34.198.122.117,443,TCP,0
2025-11-13 22:53:57,34.198.122.117,443,192.168.1.35,55781,TCP,0
2025-11-13 22:53:57,192.168.1.35,55108,172.217.24.99,443,UDP,0
2025-11-13 22:53:57,172.217.24.99,443,192.168.1.35,55108,UDP,0
2025-11-13 22:54:06,192.168.1.35,51099,18.97.36.8,443,TCP,0
2025-11-13 22:54:06,18.97.36.8,443,192.168.1.35,51099,TCP,0
2025-11-13 22:54:12,192.168.1.35,59786,142.251.222.164,443,UDP,0
2025-11-13 22:54:12,142.251.222.164,443,192.168.1.35,59786,UDP,0
2025-11-13 22:54:14,18.97.36.17,443,192.168.1.35,54249,TCP,0
2025-11-13 22:54:14,192.168.1.35,54249,18.97.36.17,443,TCP,0
2025-11-13 22:54:14,192.168.1.35,59407,4.186.9.165,443,TCP,0
2025-11-13 22:54:14,4.186.9.165,443,192.168.1.35,59407,TCP,0
2025-11-13 22:54:14,192.168.1.35,50854,4.213.25.242,443,TCP,0
2025-11-13 22:54:14,4.213.25.242,443,192.168.1.35,50854,TCP,0
2025-11-13 22:54:14,192.168.1.35,53898,52.87.124.85,443,TCP,0
2025-11-13 22:54:14,52.87.124.85,443,192.168.1.35,53898,TCP,0
2025-11-13 22:54:14,192.168.1.35,53857,129.227.206.6,443,TCP,0
2025-11-13 22:54:14,129.227.206.6,443,192.168.1.35,53857,TCP,0
2025-11-13 22:54:16,192.168.1.35,54555,142.250.77.131,80,TCP,0
2025-11-13 22:54:16,142.250.77.131,80,192.168.1.35,54555,TCP,0
2025-11-13 22:54:16,4.186.9.165,443,192.168.1.35,58851,TCP,0
2025-11-13 22:54:16,192.168.1.35,58851,4.186.9.165,443,TCP,0
