Source IP,Destination IP,Protocol,Timestamp,Flow Duration,Total Fwd Packets,Total Backward Packets,Total Length of Fwd Packets,Total Length of Bwd Packets,Fwd Packet Length Max,Fwd Packet Length Min,Fwd Packet Length Mean,Fwd Packet Length Std,Bwd Packet Length Max,Bwd Packet Length Min,Bwd Packet Length Mean,Bwd Packet Length Std,Flow Bytes/s,Flow Packets/s,Flow IAT Mean,Flow IAT Std,Flow IAT Max,Flow IAT Min,Fwd IAT Total,Fwd IAT Mean,Fwd IAT Std,Fwd IAT Max,Fwd IAT Min,Bwd IAT Total,Bwd IAT Mean,Bwd IAT Std,Bwd IAT Max,Bwd IAT Min,Fwd PSH Flags,Bwd PSH Flags,Fwd URG Flags,Bwd URG Flags,Fwd Header Length,Bwd Header Length,Fwd Packets/s,Bwd Packets/s,Min Packet Length,Max Packet Length,Packet Length Mean,Packet Length Std,Packet Length Variance,FIN Flag Count,SYN Flag Count,RST Flag Count,PSH Flag Count,ACK Flag Count,URG Flag Count,CWE Flag Count,ECE Flag Count,Down/Up Ratio,Average Packet Size,Avg Fwd Segment Size,Avg Bwd Segment Size,Fwd Header Length.1,Fwd Avg Bytes/Bulk,Fwd Avg Packets/Bulk,Fwd Avg Bulk Rate,Bwd Avg Bytes/Bulk,Bwd Avg Packets/Bulk,Bwd Avg Bulk Rate,Subflow Fwd Packets,Subflow Fwd Bytes,Subflow Bwd Packets,Subflow Bwd Bytes,Init_Win_bytes_forward,Init_Win_bytes_backward,act_data_pkt_fwd,min_seg_size_forward,Active Mean,Active Std,Active Max,Active Min,Idle Mean,Idle Std,Idle Max,Idle Min,Label
192.168.1.217,8.8.8.19,6,2026-01-22 08:00:00,21.547539924639036,16.60034754349092,13.331740625289314,24.682201638194186,42.03613948003145,33.84763893746192,46.130663969317325,31.228847011296008,22.167293787743407,36.41618332436366,30.784167510458104,41.07921245017513,21.964997646036142,9.824233357980837,31.086436772106303,14.814753806383647,21.331526651371785,22.9479640691145,15.779159765098907,8.856316097263965,23.55145712351633,46.452808121828724,40.342486225108686,37.84333887372334,36.47154107549454,27.007521826861396,14.599483079691105,21.388348177789933,12.317255241305304,30.919146734041004,11.48832752179477,9.150670423750999,24.469452043422695,9.316323957385995,24.65936936753998,17.94256372328423,20.603548723363577,5.176069178454199,28.505081014525143,14.710715109865552,11.36413597473104,9.259676191073243,18.861899067399047,32.720509757562226,15.936802114112707,48.4464239647982,37.12012038713374,11.68929897357302,26.90601285479636,38.6486770143869,9.46040848901022,48.04960135043723,41.331080591844284,44.101975780007635,49.00479085436265,18.78464657355468,21.15169975382974,35.52409055995557,29.09579199882277,34.0858314365546,30.505510380829655,42.972363641889444,24.902359006620863,42.28690206170719,32.97722665152368,31.082552353856375,18.956914332080366,42.445324588113486,25.18933225433777,24.307630950192497,26.643734004115128,39.74916759639519,24.355738839733775,17.288249525639262,34.41714766140686,33.983948080091395,31.80402237587009,BENIGN
10.0.0.164,172.16.0.1,6,2026-01-22 08:05:00,2224.893321510374,1294.522344148692,4145.5264643387245,2838.0391757956286,520.1100733437999,1675.6039876296097,2787.9560906548245,2208.231499014218,3755.555276609052,1940.920031085416,943.3243899658389,1182.1423793454042,1588.0974438828441,1351.1030593636806,3066.1440491801923,2801.72631772079,1534.074627260733,1886.751602957958,2496.7239359450928,2783.860240596779,1041.193926890755,1670.4573597110111,4075.6825091321857,4394.502709403268,1200.705723565609,2754.9543135140943,4969.783293694903,4498.032427857514,4648.325878490773,773.063028293916,3974.836569001095,2509.5792895253985,3876.780972392026,1753.352955456959,2746.405722478646,2806.2979829092333,4987.886584798127,2725.7385428613306,3379.6478082382223,4001.1033642019092,3780.081153690534,2003.0256315625297,4310.726914148684,4137.057619319556,3680.3334055086234,3282.654576756052,2244.353846709395,2833.370250152579,875.9986401530447,3711.051428019311,2447.6761462929285,4085.8787947256396,634.5604097759744,3920.0222818264806,2238.5666001170184,4015.3999744814764,760.1740288287654,1860.1383812159518,4784.749778608336,4648.3657894556345,3173.5031216009475,4002.45075762427,1362.6421806731619,4741.81556199659,4297.8527066409315,1946.8828875088004,1472.7792499771751,2135.9456266878224,3368.3463736031467,2562.7926693091476,2420.9849559380555,3464.527585117264,2094.666781966672,3265.43331593974,4298.0592725871575,1010.8461243278441,4589.78965825024,PortScan
10.0.0.217,172.16.0.1,6,2026-01-22 08:05:00,2010.4917669161534,2630.1890899087143,3745.413708999187,3128.956452217932,3224.4201756292787,4811.309530384273,849.7559481085503,4588.713444783996,4523.205602635435,2796.237190830513,2566.9674906384635,2199.797503528628,4134.824446651138,2111.9500285186446,1064.4729336201642,3514.7373543755384,1767.002414646838,4876.167106796269,905.946822943059,4895.847009770274,3603.0755786768477,3665.9246970323265,1696.9516622515682,2091.44020912842,4638.363804701963,890.5618499140342,3972.18205070567,2658.653603176128,2351.6979978440604,2981.138066293905,4856.165287081978,4412.540604604548,3284.089649663406,3115.9644166786993,1473.2705566739887,1167.2490278824823,3291.8012194014864,1611.5087736833248,1078.4747895849719,3087.982028018345,4102.565550534012,4180.910076568807,4722.2752378142795,3946.8818177243793,4581.910252919601,2559.5616417738484,693.6413617850553,2727.6782365210993,4510.698384623207,1010.8257468605912,3998.2292964300937,4603.480348652827,1196.369627826827,2597.245061532577,4579.5866043522365,735.675175381673,2588.1326471456496,3137.353981398609,1768.9154342406925,2435.061109955647,2924.960993502486,3274.1556561487573,4367.9183271661495,3844.2888747574943,1951.7506472399593,778.6120612082168,788.2333996982277,984.6546977247262,2689.9917726303415,2430.362540003825,961.9476260794286,2724.483078924284,3721.4525331854097,4337.619465446258,4613.9255511188685,3996.702548894741,2291.2052308508723,PortScan
10.0.0.101,172.16.0.5,6,2026-01-22 08:05:00,1624.7519791763766,824.9218307208348,1753.8866300147452,4713.856908986189,3770.092241328209,1671.5528894714778,4027.718140931091,4228.384025757328,4561.176985212501,4040.4170960422152,1512.9008844046075,4502.062928919157,3554.361326477827,1061.2203353606349,2880.759498137644,4308.285851051949,4270.837628984522,4791.31992239591,4725.226248547563,1926.318656611652,4621.962577960822,1890.1613318526518,3914.4056445531455,4816.333602996564,3085.192084522949,3070.466029093189,1878.766653088981,3395.902370154197,2758.0124298604474,3199.089987318824,994.9910163166862,4593.374370794423,3166.790270166514,2273.1417899934368,3760.894367043556,1273.7141351569646,961.5394910015152,2064.1695822472584,4441.34772628172,837.722118433287,2790.4569757379027,2381.5627022040026,1501.0744102947128,1783.9342432019164,3284.425625080016,2525.543222573626,4904.211198141094,2294.126848207952,2625.440249025305,1742.686420558476,1309.4385600681612,1747.1655198919125,4374.241417763699,2239.4816008530825,4694.423952382176,1034.5695844058243,503.5364157068394,4077.4478853428436,1392.916053761382,4498.1268064016,4862.237639723325,1404.8234077242146,4097.349570167544,2356.692792113943,2441.1965430738137,3196.094518950058,1598.1666412277677,2239.235585395443,4404.992688164162,1297.8394882784419,1101.1721204141459,2741.147262837251,3376.2399238758544,3947.7232500215196,4478.027394780336,4582.439327707709,4455.563920480301,WebAttack
10.0.0.50,172.16.0.3,6,2026-01-22 08:05:00,1458.6485528801074,767.0825561316665,2863.4600330470025,3327.8983197323846,764.6838678787367,4540.690972001134,3815.861948499397,2577.750467979252,1761.1123941353085,3329.066017774738,2475.942348962667,3069.111847639736,3496.9647010661893,2043.7402316268492,2745.762575089522,1162.1700344168019,4805.08836707818,1344.5586658146835,2975.3355721463436,4334.129617646566,1318.8644552857136,2673.4403500502203,3572.8090944596906,4685.530069304718,952.9602761811977,2259.737360434796,1115.3478411191613,820.9867701327535,4574.829294181645,2735.147142605528,3299.3113863435774,1038.3661772533055,843.4602582942149,805.4076248094407,4248.702904521724,1553.3195289570424,1839.6809586053862,3877.9008600288435,3298.282098475583,2109.4523300988994,2034.9896010444759,1078.726726921133,1736.7991201829172,4603.037179663663,3189.5709305404157,4704.797454774235,4011.242993002055,1349.6304811377004,4717.474715782101,3180.8667638886527,965.8663873955409,540.0396393646165,2798.447680458204,4635.3441100698055,2645.193840895481,3719.647257850677,2312.2878245904603,1926.3282756328447,4655.0531600021595,4704.210896441181,3984.562547741179,4105.397205895724,3893.906605726654,2563.4169515778194,2547.623214475757,1578.7917481061113,3743.90270668252,2137.7522375196204,3062.4321341282844,1273.8779711688298,1043.2659017936212,4541.336518810076,2613.4111755199388,1924.8496644297993,3445.6022463955087,945.0817777087789,3054.6122655104086,DoS
10.0.0.45,172.16.0.5,6,2026-01-22 08:05:00,2589.4574711590367,2805.953953233787,865.9033572836446,4906.680352551565,1041.0699463375395,2412.0293516142883,4300.858999103712,1761.962534374174,4348.065852018683,588.0368949628873,997.437147270872,4699.884916823483,670.39803902911,4602.281814367636,4961.6532588142745,1094.4060423502679,2101.1822547032057,666.9391876542918,583.9825382700567,4042.1261249664485,4171.6792011208745,3242.3520008920086,1013.1356220698644,1049.2571765708487,2299.307592447547,1152.2821924585,3215.5480596519756,3951.001260310752,2080.006767570391,2065.5754920722757,3847.1517005996684,2341.628298168761,3206.0805824628223,4292.126295695065,1524.0158459224094,1246.210591607587,4093.5273590799297,1806.2944204211726,3294.580954879814,4202.19332823116,4872.476134779599,3339.390080729205,4429.6318136307145,3657.011088337966,3251.692162347415,1002.597337888535,2642.2698372972745,3486.6639611607816,2345.295169410007,4549.781879242443,4289.1775949974135,2753.4076978125586,1763.7008848110522,1265.227267938546,889.5169071772095,4700.65474125389,1646.5080279824067,4914.819948929158,818.266601763534,1322.9148152146329,4187.8770805916065,4129.480685657449,2593.5715828319358,1620.0906295745992,3549.556278946226,2782.158862954949,2837.0755101357213,2886.037507952011,4256.008252229472,1300.3335347982188,1001.5319731782035,2672.719224451165,2593.380884953255,4607.811276721525,2926.8120475169294,3577.4620219629187,1367.8598528621437,PortScan
192.168.1.126,8.8.8.8,6,2026-01-22 08:00:00,36.03510397353288,45.945474617351564,10.437574496456344,41.25909267125714,27.4131145162508,43.58505101344062,44.00870582713772,31.627820873362563,21.184022824257944,40.67126721133808,41.823655493303576,16.270864850255112,47.689503104789225,33.92914824885435,15.063839243246594,11.235955254397389,43.99487863026863,5.639683625771975,32.213475077030516,19.99535825733756,7.3790074554456435,17.070252499736988,12.6804357633415,48.16644781610591,10.77644635838067,33.337525631977904,8.010598408926281,42.2140145321709,23.946144882349373,35.461850199396174,5.447058531870047,43.75840563173703,7.076415607340719,13.658059328122915,24.28850207833892,17.161782062861324,26.043331734453915,49.166852546277184,19.603795338573015,37.852234991635996,30.71660170573189,18.699559043403823,13.019208986560203,40.13166323840192,6.842589448689311,11.063799416268338,8.873471332341344,22.76353535402736,5.085062492337557,39.21357863672541,24.505458307378888,34.41408068289002,20.792472147267432,21.05057763401176,31.182635105644327,5.488714454262865,35.48417622675645,43.77033700658606,35.84454643798894,48.93593430345633,36.02974376852217,39.29873714207294,6.847639979693405,30.89555327268043,44.38857955555167,27.050074944128248,12.048597829170848,47.39017629518916,12.584319462285839,29.639858673116006,15.90541500681732,47.71818931645168,5.143890817443718,7.044680379643301,16.99394391488108,18.141348857807365,43.12762956131937,BENIGN
10.0.0.88,172.16.0.9,6,2026-01-22 08:05:00,3241.022512117305,983.5946403961644,1351.6162233552072,1540.7836700192522,973.7544556629891,3274.318953461825,2412.564514534509,1571.5272456278915,1489.1736008008859,3936.8645328115213,4686.943783874306,2190.826084108585,3900.05113161636,4688.041046217485,4731.957657207296,2407.750590431954,3222.2243029265783,4310.378691810151,823.2074334984134,4609.903521429311,3886.1729009484197,4484.768692620051,4006.909946708358,1523.976309780225,3697.956697823808,1083.3107530602551,1189.3293303672212,4717.315877773572,1708.8585151094608,2651.2568243624687,3721.670524958827,1709.2855653894424,4843.898076892979,1140.0339968399628,3171.0038913955027,4766.168653022867,1216.1262742067647,4229.997498278245,3751.239600142477,4488.423509116472,4018.8863176411683,3186.354804048772,4632.446625362109,4382.081221303537,2046.2088514953427,2794.4726479216815,4066.695088057564,994.3496001426879,4266.746525632917,3607.405937488722,1411.4266716455707,1461.3174076754917,1716.995372022973,2092.518529094067,3821.6259433276764,1837.231563806329,3127.115183911218,1960.664414713392,4212.010564349218,997.8701873982542,4849.789032024527,4837.647502988755,1108.9938957856104,2247.6148307737894,2812.161246527463,3890.7125672111742,4230.619127382075,784.6173468506079,3045.950749220856,4164.0324152212215,2488.0787946247847,2867.460651743594,983.3997362020084,1909.5267114664387,1344.1128230812317,3751.5681358722118,3009.7552087963095,WebAttack
10.0.0.210,172.16.0.2,6,2026-01-22 08:05:00,3301.362942704492,3696.9961883613983,837.8429844103404,1505.1565129950359,1975.989019760012,2876.7218579954956,4654.419844569881,1345.690912259053,2864.5260422962097,515.459864595215,2832.920232528465,2543.033433207762,4233.916454696748,2345.957547784155,3029.6824760619184,921.7190514312654,3215.7882883473417,4997.874772004355,3862.824101863488,1650.428217907192,3417.4452852988366,1430.9582235232774,2513.0744495527624,1485.3312060779913,3645.625434878916,2929.778426075126,4595.075126051961,3961.1726249182334,2868.9769931505193,2859.5397864804636,3436.020912381026,3449.0733529806635,2488.0517003717514,3789.952831335344,694.3720674537631,2398.9069510782,2133.1376706698575,3042.9833368976515,3741.884217192797,3448.8493180970745,1950.009208457285,1400.1880926399895,1944.633157956933,4955.544467132734,4828.213513145233,2353.8739316083584,2853.4019551755414,2128.23425376001,1518.5075850175533,3738.4063796001997,816.0255686762421,4626.435722966233,850.2535024551993,4371.137651771734,2431.4016689373534,2454.489053368818,4800.574728714698,1558.0016673896885,3347.0569507275054,3275.5637930399016,3735.4012124794285,2604.6333790003955,724.7190845846774,2671.697385066445,793.0054870651633,2620.002166764608,4624.949765757932,2013.825939276219,1802.3912264840912,4809.3113463526215,2831.5294607146184,720.8330289310663,1689.0364913985704,3400.304432335332,1198.3733535870774,1107.392406022012,2319.528095630959,BruteForce
10.0.0.173,172.16.0.2,6,2026-01-22 08:05:00,936.8982109020512,3635.204663476735,4026.6720829934816,3423.5701933893724,653.5868850062361,3980.1810209400046,4489.590842304959,3363.7759192367535,4338.029956263903,3739.0053356180892,1709.990692848069,4273.864176362581,4500.3209492231,4506.928101860827,3735.883405401382,2281.7164012961566,3411.6960530495903,1800.4040141463374,941.6613280568513,996.0041000226583,4539.907199553334,747.2635205799593,1657.528118559846,1860.9939309044416,4958.970133740686,1026.4538980470634,4291.715044455643,2765.01536374847,711.6459700841637,1852.4344598957498,3052.5290632506094,1590.3172012837258,691.8639549625664,2178.341042541786,1760.7039379313512,3575.9704976628036,3851.541790715614,2308.6785830395165,744.6359319245109,3832.250181498412,3387.476678354032,1906.9683276484166,3613.940991071165,3286.714596305907,4445.440764004243,3284.9707689994448,4309.078730495978,3869.016296242271,3829.1286813698807,4353.896943617844,933.4621034851425,4196.427560480566,3986.6142530420634,2404.2910206703637,555.3322797317346,3770.4825030540487,3911.8452263234713,2048.7856388830505,3130.793237429494,2085.5831730313394,2256.2309362765604,3343.2306350307913,3486.092462388434,1662.1191254241012,4056.5732418432362,3059.86144462266,2505.026960236025,2266.950030835983,573.7810912785028,2482.1299854313056,1333.2311947051035,2937.6708295622957,2710.253023052141,4372.936720701515,546.3548656150388,4997.184360769714,2199.4934016690645,PortScan
192.168.1.237,8.8.8.13,6,2026-01-22 08:00:00,24.888917046885744,35.14192537832371,20.09855951884013,33.95708624325907,31.299327622971354,19.981096112311807,23.791829219057302,43.17047320324616,39.196602731866214,30.807386869188996,22.469260437470524,5.32173519296618,26.323931323880164,34.0666311575107,29.745051010999045,43.45260269426968,38.07800600655717,24.938064423562214,28.611848051750847,9.683416604820504,35.90061198618015,29.31374986421608,25.72181035371087,25.067868109433405,33.63301412331361,23.727182483152912,7.776144909624925,11.280231289255333,30.16818696869316,17.142669342787777,29.04915726692873,41.950560206524834,18.106477677491092,13.584352101577215,49.44836453090447,46.02769903776649,10.51334701075105,13.718252725930313,33.276125814867925,28.8246097780804,9.834095753306798,26.97185559701381,14.662859610746652,18.77843795114255,48.132759497794765,25.745504813589267,30.930793759805162,28.67707924176576,9.763323249133704,29.121267286578554,11.137575887128875,8.965653396089724,37.542352481610074,21.9123488054676,15.942064355415308,46.95345069264355,18.862146278986554,32.2689846340333,21.13049412785325,6.28905551470395,10.807109359082293,27.863654244643268,35.68381554110405,18.131146112600312,17.448977916641823,25.354319557658968,24.52335903322455,28.137769284354135,32.240449159737906,14.7141075978127,18.765240795873893,23.552439438909076,36.8661394130386,40.15999824277041,30.975768462049956,23.10046893405538,31.929345978531813,BENIGN
192.168.1.14,8.8.8.1,6,2026-01-22 08:00:00,28.021828934983795,38.60266292335652,49.72400924799356,43.0145838781471,16.609211967975245,8.960262248103792,43.056667961859304,48.387898949721965,12.487999731367374,12.17550441172532,8.161213354594896,35.070596985570475,46.93596615796351,41.714229059967,24.927419366002685,34.47004486239731,37.0137799420898,17.250127183288207,49.307549758672664,5.111817865259964,26.364349909838275,28.16418166777201,22.027618349668295,25.638492110724652,27.477942176731272,32.81932657357065,23.17454267863219,31.053319956437658,25.478877885852445,28.878366717652245,19.54272683973278,5.555970593907599,9.042719741675185,38.846667603143814,15.108395801857192,15.32755171326043,28.604382165052986,28.95121203686448,17.67109443601241,6.71812571217949,46.72663315528935,37.245483909677354,24.5728864001473,48.46410695530292,42.79822941022737,7.627902371146718,18.079947139979943,46.06528072890161,49.405144850580086,37.75249380513929,34.63432534239065,21.098074075248206,35.35789704276881,11.628937693205518,47.62960430254851,31.95413831308048,42.49594420231193,29.176939772938677,34.17279168696393,15.821787710608698,24.820616060639512,27.839455464406424,16.22826274333906,28.284577824494832,9.557114147944809,48.69088179308574,40.24690533360951,17.84753923530438,29.698685214884133,37.69344857356791,13.051537889074627,25.185390002047928,26.499291996274643,30.46817603583101,43.324259684012844,19.131647727507893,22.897281134273136,BENIGN
192.168.1.143,8.8.8.17,6,2026-01-22 08:00:00,40.365342631698155,48.119653410895964,26.731475060100756,47.23450585707371,14.959038483668072,34.218061933186085,21.887692429939115,26.789320297210306,9.600507573583688,22.513142829710294,26.36438590875027,10.586354354880728,39.78123081509506,21.066622306045545,19.935753519520418,6.423674615291904,35.43525847748805,49.11476987196838,19.555443096623797,47.419581011522475,8.373905137748343,11.82810087718895,32.95826380908614,31.22491606515788,19.013764110954448,8.903753244867424,33.16192734566208,27.500338898644657,29.709893358491342,45.60195149374608,18.683114354123347,42.047269612793265,25.138507882540782,25.384631687246184,39.41101358167716,29.96695658654606,6.7369896859531675,34.59554756900184,44.734131535109796,49.67492391152583,45.07510294074479,46.64300618152563,21.25872454612735,33.92032115895785,8.631481760711285,31.651746854653027,7.274796362486869,37.00741454597451,21.69142112802943,24.515395320552127,25.00798839002702,25.908054860936936,42.782696536122494,45.35335340683376,7.721400611214057,23.021408812919397,17.303810642887335,5.513961435313351,42.00473680970377,39.276816401525245,13.685520647754053,49.75046665337386,43.28342653462383,6.063553804390191,24.182842018772533,32.09255440228473,19.534366008458626,22.030746539362305,38.87287878189215,21.449382792957834,24.143400215118056,48.375304543422445,12.814382799040587,29.749582382169237,47.55348766860652,22.396541511161622,41.124304507964666,BENIGN
192.168.1.77,8.8.8.9,6,2026-01-22 08:00:00,7.818278650129317,10.010982527778445,44.74058586997141,7.668485281885449,40.52307629497341,29.086077470538218,22.187791448328227,17.39137191478321,32.3699483279458,36.15917444443102,37.87086122611164,6.981583212242943,29.037842551662894,46.07865180394963,18.3156902870463,6.381200252981731,26.1401876537532,20.200303016160078,25.782105282232884,37.073370779132134,41.398702209511704,44.974069358217754,22.07061937093119,44.137489997122024,15.240105953880953,41.62376650717113,11.03788770697891,19.169692990945705,37.86524585099807,48.971487482500784,14.979774222093432,16.716696512207335,7.124223773467072,43.517369155092176,27.137848826031,36.42300291139286,39.238898846968546,25.09204272808537,48.479592697518,26.33503373803721,28.363084112724255,27.92475103516412,48.76295922306118,35.12628502771284,47.54982613265457,40.91825649990914,47.207260971884985,34.748509216349134,7.504758565500007,16.388376733373214,33.91042493604683,32.012000701548686,8.057582805258141,13.213346063310626,31.269046604832628,34.04406614993241,30.628491457992162,45.89606589061042,30.144423041421785,20.209412066623827,40.41337456862337,7.701794596409914,45.00207290163887,31.62906267194083,44.097076877013045,37.90898154801316,31.36364175854429,8.2953955728439,23.575101226309197,22.522768708989254,25.718677383073043,15.673748568600928,9.226857215584182,36.54303920131978,34.40318392857115,19.737311854902487,39.6476023054874,BENIGN
192.168.1.103,8.8.8.14,6,2026-01-22 08:00:00,40.022489673779,16.983915943792702,24.74086273487309,37.317455293616774,28.19118595288592,35.82725127938283,30.115545155754223,34.813366805881685,14.808512810137435,31.24747015327268,43.199436348174416,34.27998508034822,31.617952592493268,19.96952328747715,16.28004669817757,32.10401211855908,19.091036574120196,22.584323536602103,11.241227663304638,43.625042208765336,49.93700169794401,12.313436376130623,27.280846671425365,18.193503422737106,27.61082501667405,6.240710551087853,40.077965946701504,16.80402514709151,49.29569178891406,14.033556683172648,35.10632658139038,20.254224184022792,23.94890956534524,12.725216896570277,17.920202666817275,24.83216247037378,20.799414666026422,24.672432363636297,32.27956027306271,11.121201319046374,10.967073308392848,37.96210522845599,31.000936236922946,12.503590031768256,5.275849644536855,28.796890567413886,20.227226445359456,45.98862165187028,49.34727077207904,23.708580309186587,45.402847133918364,8.280029361025555,26.094893232107083,41.41280975291405,38.0650427261581,35.28346049940401,34.535923470489635,19.371980438509993,46.28725037233758,7.840162090604814,27.182897783222828,24.669943256072433,32.11016969595534,39.299154872665376,8.320161949077985,45.86724158456693,28.754314997779893,45.17732850485381,15.878063202904446,49.42673566604553,35.388832952665936,30.80017289695604,13.028706430150127,28.088698361646706,40.86740820323401,30.446845513000802,15.199495743727079,BENIGN
192.168.1.125,8.8.8.13,6,2026-01-22 08:00:00,33.91934899963799,7.148852331712732,44.45138665311267,30.473441391328834,17.458092804479456,7.3418481028956455,32.41596162022056,8.643490781353563,32.88170265868442,9.769982768525697,36.2123491592655,33.56766114839101,42.08706585187955,33.94676019598329,17.882454882731007,19.345094150421865,32.93624041004534,15.128026657073407,14.782643969986466,48.894413757515096,8.683831127685707,25.058069724395487,45.964509764887346,34.55748281911093,33.73210422577043,29.760034605915273,35.93623887664372,26.36499738194924,8.766642821368198,42.36318537216126,40.56972561469533,7.738011264505465,21.524911637046895,46.80127132654391,43.8230082308465,10.327392951853927,9.329883965836096,35.89348598091627,18.354403198231672,27.0402018731638,23.19965352348584,17.47349342212649,15.77807512491886,29.40890499107678,25.08710962380997,36.77523299060026,19.498867696320332,29.96957501204167,22.25055310506817,5.369773157988965,28.587499220340742,17.170967354688624,30.75342584200634,38.10320329181648,32.7906597212019,27.273696142409698,22.594626647727694,41.50622392367427,5.120790961644298,8.893691539883871,13.576800099749052,9.69588793645002,41.60039901290552,11.376834724528662,47.69644017352674,13.613428602456036,34.17748324281616,29.946479900048598,7.0936111760704055,29.9039438231794,40.593567705273465,5.83887785162012,40.8477658668008,18.015231494359025,11.077829112699984,35.25039175193109,31.471723200530956,BENIGN
192.168.1.144,8.8.8.3,6,2026-01-22 08:00:00,9.605057448042196,38.70197543618064,42.80641461467632,22.537418498503026,22.77985329734404,19.79792424743793,48.41639505249206,15.397001020773118,47.12788541082171,16.94265835042868,41.82797367961544,41.27497211139615,19.392894126928937,44.78067463254522,25.78013040712179,25.21602387343416,43.284839289243706,48.52610452230396,45.28169521806603,13.271813335390386,42.100621745981115,7.391390628369862,31.835105350857855,23.064741678983456,32.97484181386119,15.542298841483083,37.09703672702049,18.71931502414593,42.360893768739864,24.667586476530605,29.824629621840057,18.46731444286732,35.97234529584174,17.15969664769016,21.243284756930922,8.207788700407745,26.456284696236672,40.457168925472814,7.8198784260210354,33.03043745412529,6.6697346554390355,33.871800941831275,23.118519039100438,21.915508625130617,49.24690234631403,21.164262325648735,47.54875828066658,35.76962486753083,25.655240798993947,48.12479051949582,11.541759606303119,33.91058895495928,26.22597814546898,11.787562340455665,38.597893935069905,22.626532141002805,28.818535069997342,33.72840817034174,29.338699229872663,6.313000486148654,35.47724924752838,48.83030639130875,14.191480360468168,34.11930662147391,36.29593605526176,5.903300296055203,33.32787867620635,36.55136460923083,28.428962702230248,15.41832999299994,40.776351147104556,34.006194677110365,32.4396900757626,48.52396980809068,36.89385706794993,43.385335074905335,34.190032965351065,BENIGN
192.168.1.30,8.8.8.17,6,2026-01-22 08:00:00,30.963919984269616,40.85184912989359,5.160284534291143,30.331319017816224,25.252410224391852,19.432204939748015,40.704726693053736,17.281203234224044,42.473619087409475,5.046699365815891,20.804599946501117,23.13303008348636,9.159631758175921,35.631266490641146,24.557548067665337,48.13028259561102,36.11900137693385,20.859890341040607,47.437257111121916,39.49996787933882,26.62269937903722,15.769013197268379,47.01646351594774,32.77983496366945,19.637465133713448,48.25403675521806,7.81276160479725,15.306106403468911,37.73234278453941,37.63413440164032,12.99820314178684,47.31168062841162,45.04810907724103,31.311553366191365,28.21896019700119,37.0325167187642,42.58885825595595,5.1061168049073915,11.173586753482713,40.36558453920098,32.16365942511421,30.857578801216974,42.80817223707888,25.19288725976917,31.742288601985926,19.102830737309553,12.13282190367329,30.010276013773172,14.924442445420512,36.054476174012294,43.42314541778338,44.353479613640765,17.00853066921698,42.91457604089277,6.568989922086119,15.306845807511765,26.99692651517333,6.348355192368905,7.376427930853961,30.66693659250806,48.91864854446943,19.161348055700312,23.59502269244837,36.56247579347564,22.30412046309418,13.148473135943936,23.928093660271234,39.126660498659135,7.903113171375379,43.86316080430422,45.63260113873413,15.343585235489792,5.085467060133631,30.227522472062994,30.205455143421336,38.08396782796538,38.829508363085026,BENIGN
192.168.1.61,8.8.8.15,6,2026-01-22 08:00:00,35.781662135123284,45.79877363237237,17.299473303041367,7.185744346470726,45.10581073411414,23.362113761213585,13.476037109666143,6.333082215271091,33.73858857771485,21.086340158272773,20.418872076888835,27.206339674195668,10.176901333010479,9.949374807034001,13.152288172264848,47.9427534376919,39.377433665196726,5.026345826955463,44.820239954110704,42.87782115356187,18.284351403547536,45.88366487823241,28.350216511552624,44.677852868346505,27.4210190260375,8.147534741044993,45.571130714210724,40.21169822633791,8.119660363859765,41.46353012957234,15.189599080543307,30.124355792117402,40.3207189328261,16.794974814692978,7.824922581003753,40.485452842527714,47.63150316897169,15.425223586372482,22.878041962353517,6.356910799176589,32.950798300332885,44.449369765718956,15.626282954202788,39.507449861735196,24.363944436459736,16.440137895989594,7.555421519499457,24.81611505256037,32.8977004274997,16.53178027069476,43.244363290571705,16.934283443874357,6.933503374009913,30.616718072226455,39.52722414744818,39.85869157688736,8.246386608579797,22.10104540422646,26.178789094831334,34.856852225853316,47.82768110346615,46.949827195387705,49.761869578340864,9.100101061554795,31.23716491817996,10.361604664877367,30.715023397629473,37.856657489912315,7.960087049091327,13.242791421814971,28.710397236494565,28.50423369436873,11.893435802108044,48.112115744310564,26.187110511756448,14.060422884721032,24.997474686386738,BENIGN
10.0.0.152,172.16.0.8,6,2026-01-22 08:05:00,1971.0046981990229,2410.86938795633,3775.3263026564073,4548.767065769427,4893.662323305125,4266.970764197169,4288.079346926885,1249.16569081412,1631.1517403035027,545.9896544521432,4203.514733876895,962.2883557486834,3679.2612446801345,4978.567501005772,1482.5309557108014,4244.630892301639,4944.016622393324,1288.0394530858473,2351.6733330105044,3565.510656902251,1665.5101074045178,4642.543211655714,3804.5467555794917,3167.7682322973424,678.5138313251565,3679.8736354729263,1843.061205884863,1836.4812562504108,2501.7078299664413,845.3090386954331,3883.942158855718,4409.168369064624,2704.92035428482,3103.6269057917934,2669.6085906570324,1704.026953774942,637.1564375889496,3612.047016374395,1146.3902012696785,2124.658949500127,3818.291575277617,803.0278048824766,3192.988788616743,3429.0008836821203,3919.332067602665,4475.179771997075,728.7706728055192,1916.1884249914535,4941.288116331807,1202.7908073187177,971.9921810030562,2287.8245617922976,4597.140141553985,2937.1483685774942,4707.056342601758,4989.283773957123,4140.925058212539,2040.0207104533802,3032.814282804904,4354.171515567474,961.808735826499,3920.7809537271555,4565.4596592497255,1362.0146889813823,2724.628578636698,3466.5004509585738,1239.4403559202303,1452.273887979154,1120.0604817363183,3804.781609490294,3741.5733285721267,3393.077431620641,3443.223863856625,1952.484392258484,2626.726997629841,3678.2682738916997,3250.4120508513092,WebAttack
192.168.1.107,8.8.8.6,6,2026-01-22 08:00:00,30.679310602247355,26.32031128731737,25.47629983406667,7.437010519708402,14.463415135532733,35.56259219247705,15.90886403461362,39.00118793985261,46.19007577441309,36.06884376613584,30.187059343274083,22.412845544537102,17.416204704273646,9.606074811718745,7.94838367911194,21.83188542793468,22.284516799350197,20.71313245544969,44.48331598032268,40.668283098506215,15.318706089676487,47.65543565464302,49.567453947263026,39.426560046943955,26.67438037034759,37.34899506705846,41.0347664691619,8.707861254056697,32.22673926594785,9.655258239965061,48.03392038399706,5.688582631017153,5.547320669552188,33.16538914619824,24.959749849076417,46.25118382862294,43.484601441541166,39.360497416556996,47.71533517533094,24.312637039931943,11.426961395835608,35.80916277460381,39.29199682281074,31.724261104433168,33.98369101712432,48.48099585673661,14.176824343038428,47.372293774459166,45.99273732463855,33.79525013960642,29.53482309520543,28.01857519405968,14.945183247016764,36.803790286004514,14.177608890084056,20.467031017874877,26.61855920849241,21.74251548275552,34.5915392561901,37.275979504476915,19.324135445142254,21.76572329179529,32.64448086570268,20.405639071116603,14.282855545686667,22.94463279604145,38.4875145235286,44.501718081054,14.983083481282895,27.49783015974041,7.193537637634186,32.53129464113946,46.94013177030769,47.311839511176096,44.60222758765534,45.78139213069876,34.16416068343936,BENIGN
192.168.1.208,8.8.8.14,6,2026-01-22 08:00:00,46.626275218780016,47.002127940619786,20.101932759938585,10.258073344791613,29.57826276147642,36.01026986105977,15.91178736481428,41.61117460779503,10.747201842502783,41.24102225152894,25.24831239194294,37.95594914681409,38.19023125198067,45.12482492460465,43.69447937613916,44.6360291268675,30.89780979294501,23.408862536906113,16.819447021590335,41.72036235485612,32.00000532719683,23.52295821664105,14.125635089062952,13.316345212102078,36.88240482954575,32.84256699251964,7.03397774980377,42.22844873602336,15.49624425762343,15.48412691348936,8.377182767930956,17.014883706192016,45.6141956353548,39.20103545527886,7.88251869493331,21.39879320833031,35.12432227900096,32.33250315123424,26.88509630337139,33.576982591029115,24.184985992413615,8.865613357655821,42.8756220084536,13.309705469548556,12.126737858755305,18.24459825653688,47.85993904837487,46.612923956264076,31.06417172662514,46.61347074398576,28.065579953529035,16.39083395763658,37.13005316782093,33.188521434657524,40.07748872844883,24.116132730782358,31.341731302647595,43.130999933321405,11.170788144109213,25.93077042468558,10.776188576524191,40.945294915406365,18.951848934384504,7.434612956609033,43.632128865532756,32.935268563802936,32.2596541015118,20.290243880153632,14.394426314527745,34.78985758047745,48.39934349351073,5.3847651217738255,41.45322936214546,25.410535470840106,15.819217331663975,42.982283047135574,35.9623103649419,BENIGN
192.168.1.65,8.8.8.3,6,2026-01-22 08:00:00,32.937256980899086,28.374173593487345,12.467993797761366,48.18651243432397,36.773119985864284,28.99114000143385,43.551064547738434,32.70175864163343,46.23499655482104,11.742912952742522,35.17022628744925,13.463781590380794,33.207896359908865,39.086526723442425,24.367251256941355,10.17415319444801,43.585684697657754,46.21174533404349,27.24867999486557,27.19173036448641,16.449054645163756,7.550270487102869,37.12501870254354,31.74001197659601,33.761691286695466,45.1498205714947,32.2110317830045,9.81740643214618,5.806703069009326,6.621258410212171,48.342999575795346,36.1371723718637,17.7911798563689,20.613666140886885,37.374252299327985,33.0576960791497,46.08536017326265,23.923786715441324,28.488753035625304,25.01503294842298,49.120462307645816,24.585509820340807,34.77270838854719,24.580159215250593,24.034086263607904,12.661209858343486,24.85914690594271,22.254304320716432,28.503469676729445,36.933604657414065,32.52263129759778,5.238699468704582,10.5229267698855,14.78312596782081,32.00938112785846,14.667070654310539,26.99262864608218,28.34493214148814,48.152868312016984,17.406758062218582,13.05632269216737,28.842180006150155,35.52630234154069,10.541142295219057,15.395963376251771,15.388734259072352,14.555860700787818,11.28793329290456,42.52267062380848,42.92506558373802,7.827373177067832,28.53947197896787,30.162099722146987,27.46456978919199,36.543963496831076,39.530536594668106,24.07254425381698,BENIGN
192.168.1.38,8.8.8.3,6,2026-01-22 08:00:00,44.22302887630419,31.73560319014479,22.54489722891222,15.725279347672162,45.21102613741845,45.65435641647918,26.550983232796302,33.12771147291819,23.926604014602542,15.9618738657388,15.808080586640697,38.724058895924486,13.495112475824017,42.42058567263024,13.386336762405545,31.364284248174126,22.73447435449629,17.33225387096629,8.244983955515595,32.509869550763185,33.725320276274296,8.696129183725134,11.289387465419697,25.78214038066564,33.13845910561042,34.95565914797244,37.83707871281494,36.72624787652079,6.249852638526781,17.233254394053343,6.226032176523364,36.78881610295774,8.233655949550693,21.087042637295237,30.420473907621727,33.77359202984452,8.46592384486709,44.456111058754615,22.514157235662864,44.500898629820455,49.76230962986032,21.961339282391275,21.516371241001885,27.394583968663536,24.813862348260034,41.48657449635448,42.4824728332042,9.87967975283361,18.59503368404081,15.682124932887081,26.411158670303585,9.869754211769061,7.471230760791906,44.60001617983861,20.655131969110776,30.289160841827773,38.63718981525821,49.62666562334113,34.92310577903666,38.87799698287838,45.28900321457604,27.76568612745775,22.886266499614017,14.713563439426828,34.570697730219905,30.56676229566836,45.87760152256827,16.881243788511,15.08440355338953,39.10922193906959,42.35459618140665,9.50323531936818,31.25783997905905,48.36203853373303,40.816955733345495,14.376117091837445,5.669389064310755,BENIGN
192.168.1.134,8.8.8.5,6,2026-01-22 08:00:00,12.771982961396812,44.58930988892906,27.464012733914835,48.67714871944382,30.018398012677785,32.154361054990126,33.70875756265471,39.90296033567455,30.486244120100956,8.811408595477499,44.42221067895762,45.45646614856707,31.894852414955484,48.80591330524616,13.017958520554545,39.97374250655936,27.750823682126935,18.910994534652183,33.48566591458207,23.74447910465172,17.43865194396221,13.868394079271024,8.884685723851172,15.58843332830167,20.74828333908378,19.935561187138248,26.891822562777065,8.928822761915033,34.68592597380607,24.97664655543461,28.992545289910442,41.52298912189084,43.21329986781596,8.365534897765139,46.90034834119714,9.533226970217022,17.021807224918064,46.809281081431365,10.263902663245688,21.01125097602948,49.17811215197773,16.324067661913965,15.635975202909078,32.18178447577438,27.573842783827644,40.03851164848669,33.8861324460578,20.45226458546925,5.55263940114391,34.60073733413446,23.4787689035223,8.347532356340759,35.52620115300484,19.661741625269915,7.9968598060227425,16.48320825339667,12.258665902852051,31.659039623038147,17.611389468722447,23.504775142005094,28.168640895622364,44.172155880283704,24.125666373217562,47.72112854488347,17.821108279170993,39.7961521334016,24.37057057842406,24.854810452973638,32.47520635971405,7.636990024707117,32.76022463089012,13.194158189564506,9.798344513521538,27.96181260636006,47.41640883615397,49.28944959217095,17.578055563004344,BENIGN
10.0.0.77,172.16.0.3,6,2026-01-22 08:05:00,1617.8807991346073,4711.70552387973,3149.542996920568,4278.834295021885,4887.889750703528,4814.53913163978,1632.1703569200245,1623.229010457596,3292.4248341492416,505.5128812459809,862.1441137062279,4556.9910910422,1087.4374769263054,4085.2383624358768,4899.829666624448,1859.2713597222337,1512.3757330760075,4612.7200642865855,3108.6616148191165,4475.137965467749,3875.414112315723,2966.3194638410723,4312.635430277747,2817.014620549057,2646.4914588742517,3506.495223773214,2131.100078838659,2762.0774640702293,3263.5571699323878,4405.273841132816,1925.8692638368548,3331.3183638602136,536.7052291355462,2627.840718910858,1419.059152040733,1665.0274778183589,3355.5373724446,4179.679170831083,1158.7924009820554,568.9469425962438,3407.4781718953086,3756.0097290223794,2265.9788019363727,4898.083687020971,1255.8920440250931,1721.7344153157487,2138.9868175942993,4885.519397129609,797.0397805404745,1520.43463068739,4672.26180903462,3552.9975916601175,2979.6847155569926,683.3074696798699,3961.5305696560595,3828.0431638684954,2328.719495654388,2046.244059978177,1481.8752654700545,1807.81437654189,4530.6486858156295,2381.707269950777,4744.581701751,4017.9073729266347,2959.167426794109,4285.524117514064,4643.4733680931,4036.2320794140214,4072.2554019189556,872.5387018060702,839.8652183038457,3625.4915602016285,2908.519402641792,3832.8946008106673,2786.6605874505694,2666.887864251047,4220.126921844953,DoS
192.168.1.37,8.8.8.13,6,2026-01-22 08:00:00,9.517739050385991,10.542722854430808,22.430444288717766,21.574365654741552,7.505825722926643,40.641293127159216,16.442566233514984,9.929941920049849,39.74544486619568,12.722724674291214,5.018744966207086,7.438379244886205,17.600009164128267,29.439439954288275,8.61689311324273,36.90684094384153,18.539594325145995,12.625601376293416,39.73408380485408,33.53087826641799,12.982249093167017,47.484962254279004,26.054426996746685,29.552861334178846,21.76925910885759,47.41729578043907,7.958194282228375,18.022358963176828,23.671572979880292,43.497624820742566,45.091268881639905,30.411033842770003,29.92357524070623,31.688503351773566,36.72064647553877,5.030855139824259,10.067279717484112,16.827725429175544,45.055289133636705,42.16381452954872,36.61798248728278,21.2633234445978,41.799961812098346,36.92449934323357,38.80670779018846,24.99154879338088,21.14122534615367,47.592295772496016,39.03822299978655,41.66701348772865,33.67092517018328,28.363310191114216,8.669406503696369,18.874519059782337,22.76258767903848,7.346295888548794,41.64026364797122,40.95668777387224,45.13396146597277,25.257101525810288,24.372724844585665,25.469146040011356,41.036846329266766,47.70808702807641,39.96463452375646,39.20840195092081,32.80569449162067,26.16507407593239,24.500767209868364,20.249907716105312,47.60341163211203,36.378710189079094,23.00650958893467,18.06476634547316,27.342696765228578,22.62683684624251,22.308669532666602,BENIGN
192.168.1.219,8.8.8.11,6,2026-01-22 08:00:00,13.184483114063017,5.725442571589615,44.25081429191554,17.49573444147307,43.621497759850996,10.956570942839901,36.37648090550324,20.079502928158764,15.766292789061692,14.461542317870606,44.02655198862775,47.736093724395374,11.94042478016403,29.032535959757436,22.605934024311324,14.519244661626464,49.01629999026677,6.279705521669287,15.524916524525478,13.413964240102093,39.66978459032691,33.94321402904015,17.624084501688763,33.35273645270985,30.692215394339886,23.008763246322566,41.606175026775446,28.612194966940734,6.934402468951431,46.45151112000181,17.056806551633713,23.656190919226475,6.066036918451225,15.982420795914585,39.39190832953761,28.092102751864335,43.76488999152893,29.478210886041893,37.834228189366144,31.128961258147932,36.283997305939224,13.053713562546024,26.518490817024556,11.319285027888636,43.03979733879555,15.326722229451772,48.24748641337068,6.088999799112738,21.469042544729497,45.07163788224343,41.054202664932845,10.926921564619644,7.3569059350866155,10.104249923733583,10.07321389734716,36.328514193720736,29.689412734727814,21.371029300205674,19.539828326273543,36.4733558089897,15.314897606844646,19.29167856197372,44.13115589299613,18.474998059097654,41.67167613794883,6.245370795709704,34.907694358040416,27.60571542497038,22.371563484618353,9.48994799315054,21.95072275370451,12.398032232639746,22.875386172773936,45.41475559695857,43.75820993705507,29.350951367206942,48.783543009431554,BENIGN
192.168.1.67,8.8.8.4,6,2026-01-22 08:00:00,18.28345562223993,35.50303121833602,11.486433672843127,30.042313718376743,43.06833933781787,49.74259852762343,13.575040845371536,16.382577932424333,39.00364560995176,38.93683137757861,22.883587776635373,10.573730966120717,45.311502512505164,22.571163275428354,14.45705884166498,29.87352249990462,31.133362543578624,21.196147009249596,27.666459585951444,13.973238270450336,30.627766458164622,43.07190652514241,47.2680185234531,45.43610731693493,25.512678603140355,22.711171241711337,40.20842598921866,40.65887435561271,19.825660843830658,21.008075088332006,42.46468981019149,8.653698623185868,14.062788192321225,7.966211711243353,25.047014382090232,20.0906423144511,7.032689408593701,23.25679588279763,12.258151223070946,15.284102954047734,46.81554205479872,12.873204076606832,46.324456116338894,13.335768609425763,30.76162287351483,26.369880409381082,44.45351143200958,19.34955936876745,37.44283695713343,14.963006074977683,29.756068009909047,22.58901983813995,6.408572065106252,35.2065944402202,49.09717800747317,24.376121122525372,19.96378498164608,49.423598785517854,14.48200789215852,7.659008387258826,42.98208121191739,47.36711256748603,32.777540502269424,34.2425147406653,14.21754997890983,18.252611051603658,27.728554805309685,28.768279959783708,13.230402496533767,8.285561763561441,37.27352966218069,42.75581756794451,40.67630674483842,16.78180691219641,8.744682015187013,12.716117540759196,26.381984639812572,BENIGN
192.168.1.182,8.8.8.3,6,2026-01-22 08:00:00,42.15460584433952,20.691581465734693,39.98179120915911,49.963247657539696,42.071973057039436,5.414728546300482,22.529584182311094,39.83822457485505,48.72100641994071,7.329393144904351,14.437627164335758,21.573263756948023,9.53171346657847,36.55924623796944,29.199496676325232,17.257098235275656,44.17746584463395,25.06659855116375,29.23544404027838,24.442276417953448,30.911001362658574,14.8210000701581,12.148345905314226,22.284336566895057,28.00012220980334,23.749653015480575,45.01376503070314,8.885133400332798,39.331958645690506,9.85120161822742,11.99189868193473,10.961667336211285,33.52223059197702,33.228093315560734,20.596377330413528,35.667108173194904,42.47376931160843,47.118139637192556,8.735972104207354,33.21133461633722,49.41047696273987,21.14758793217881,41.718788805230346,9.236652306663203,10.944137195657461,6.836387626251819,13.705748032069366,29.053760519901786,22.74816849820179,49.75007587256433,47.024474549687504,46.07863812057929,13.117522640717503,49.24384746803931,16.123419788846014,19.22247273884299,14.701476375178574,40.29094282558574,13.939037845501515,22.794063218088485,26.76456234178809,14.11695902318887,43.19134733633846,17.11387509475533,14.317722089210227,20.390380899656023,44.932763561946786,6.510629546294205,19.919032792865146,22.5009663229088,17.500831642755834,40.500995249812355,10.518073965431604,10.606272771055288,8.724193096192092,49.79942798635024,12.756347756822766,BENIGN
192.168.1.92,8.8.8.2,6,2026-01-22 08:00:00,22.687261301135013,8.520866620247752,31.73856635890617,15.188778490911371,28.280832233030363,8.486378283372837,9.059209144349007,12.499332160587127,14.20949384710872,36.43759723193086,10.185017734649689,19.28101767591806,21.532517447339657,13.779054716021813,16.75404969015647,5.389174169970876,15.86685494298469,10.307693302875485,44.66710659352293,41.82228392289691,46.56786293455874,10.816334220468143,27.1060795020173,11.497792048477766,43.29464078829904,49.689637038732414,11.102367235172775,34.191193147596735,6.277304850668331,37.16348664860392,9.295561695091518,48.00828738590226,49.67366286693886,21.136100768680436,10.960534624109505,20.45962324531002,19.696762633776302,37.690423948291006,28.07171450694969,42.9187088335093,39.6181991171916,48.78709398795875,11.333782827237295,12.641141523884183,49.78931259125275,42.41196629146601,6.955088762725523,34.50095636566052,31.035601726809542,45.663493383898725,39.841678064796845,19.463171127917384,39.05284629079358,26.05134148843627,12.944863735816913,35.018667518545826,37.411263499914895,37.6942227633998,45.05575857519299,33.42611475612841,28.548632124003436,10.071847493130935,29.192315359295076,43.67459617951504,28.732185006360833,46.971106647843015,31.75471127111144,39.41043134844695,17.013297765355127,25.26265275139495,12.566634952243685,35.28312290707789,41.389388952377146,22.480759210472698,24.84065864910435,11.848283822103472,11.384798821982248,BENIGN
10.0.0.117,172.16.0.9,6,2026-01-22 08:05:00,4531.187342390005,3670.009292205185,1731.4598311353043,2018.9357790457698,4560.1509705574945,3993.2345528537317,2641.861753989777,3109.3179470316454,3111.422761357828,3139.602585745061,2634.4576056900974,2600.584777894691,1238.261360936362,2728.678258480754,1114.8303687529956,3028.9296962779517,862.575856670762,4261.82760587827,1099.7016939935008,3283.4981231725687,4151.799945162835,4540.242400018115,2408.388853048562,1914.989743495281,1957.6446237503756,1123.5617146136688,1753.7796904993183,2745.8714941130293,3351.276690946923,3939.6324104637742,1571.940873000916,1922.2245449299771,2861.7874054908525,4783.225965591397,4137.925694128637,1343.2429490211464,4096.648261364506,2324.905715184803,4276.525498223564,1703.035769991113,4839.439347125744,2251.197802858068,3395.1044426935387,1661.0768548815504,4794.523583894955,2681.0827999658545,668.5079399910753,912.3880381156608,2016.4863462300746,3552.4653874112028,4086.585251446439,2671.0464971062743,4144.539113761195,3113.827744532723,3574.80040447447,1858.414501543209,2744.451306430344,646.6796329268827,3037.4164719053806,2029.4663690575217,3685.003041706611,1899.2699554783599,3254.9374970776794,4569.561535135357,4396.9078229696825,1296.77337308319,3722.0784557447582,2253.1594123342165,3266.6391443348966,4306.753096138704,2420.3649189144185,3619.578665760084,4351.452450662744,1238.6247101634765,4589.538975079515,3559.7598030736403,4764.07293648986,WebAttack
10.0.0.147,172.16.0.4,6,2026-01-22 08:05:00,2970.7435665873377,2517.7563012130104,620.3571331884355,3140.884593791442,747.7543032129199,581.4968788399204,507.7626376307672,818.543239442912,2911.110248359218,4334.970653902369,3687.8112809456497,3582.750839565314,4113.62250959727,4168.1000816138285,4596.779254651125,4572.450659319671,2457.0325852089372,2657.572045261641,4740.992326179492,3116.5604791305714,3253.4504182657975,2664.9490527480743,4789.608541459868,1543.1534769450327,3539.6562600641864,3009.824108126058,2840.206007702778,2231.7112138710836,4631.079797787375,1201.8094836091154,2042.9493258564778,1255.3206011652464,4972.241706995508,3174.3385690386535,2666.909042820354,1755.8985139222038,4886.15721560669,4286.445727677916,4286.249719897591,2618.7830501698836,4709.16049312714,3634.2126727818236,2215.8048347015574,3865.155915087104,2258.2613002723774,3203.68194253797,2812.2278617663665,4299.722394595723,4877.611689899645,1144.3814375534412,3678.130523062761,1739.0784211942098,3154.9429500966826,1647.5671062096117,1483.5527931749239,2032.696425098385,2961.5002483347484,1558.478864711223,1391.7150045687013,3962.097790674073,3709.4943087377264,1072.59982228767,618.364016503806,1916.499955007468,4690.980674856377,3265.894756178625,3760.4762816618163,2615.8032227211947,1624.7176647215456,4982.2655807206,1224.2595507064793,550.1140715857541,3620.477939432283,698.958251205776,3302.0367928095843,4340.983616998022,3484.324659451806,PortScan
192.168.1.117,8.8.8.12,6,2026-01-22 08:00:00,35.4098876353478,12.085929280557867,45.07365450277186,19.014076694810683,10.65349225997122,24.686385101537425,20.962246081668535,37.465301489753486,19.788241381820793,40.146978297499516,47.33797278997388,16.346987429361455,37.64551545445572,49.49006214630509,22.93265643436465,43.11788824869225,11.578474295494043,19.25423533435437,34.813745354775726,15.333889537663861,36.36607439863499,45.98627419880497,18.586459247638793,13.336755513039463,9.426009553960382,12.900822696495009,5.531196209815716,6.089003944830562,31.44862253956876,15.823185048826168,27.19633445323883,35.85425752824317,41.14146564408205,43.05351823593128,12.237052457721596,23.664496977113316,12.465112316679797,27.712906586750492,23.048340030566727,6.457427984997439,49.58925660085398,12.860318075221599,43.46066130847471,18.13669055567944,7.395197923095241,22.28674085631006,11.712924937100862,15.62428618179047,9.222732563274473,10.371226108058327,13.710124384188656,38.630682695874654,15.963201922340081,17.895004857747423,25.59773333022827,18.742034297478384,41.6458391958047,36.9602359617362,20.9503563117231,14.486853254421671,21.36133242549012,49.11308177116676,21.366599455387416,40.73451295007879,31.464381578357994,10.22463121259268,33.46292341372745,18.08347558150183,5.388811123651049,23.36566635484586,39.88617045737185,16.389563358779533,29.997148069800442,19.788383686327176,33.11868586159848,16.50885592129385,43.30859877943123,BENIGN
192.168.1.145,8.8.8.6,6,2026-01-22 08:00:00,22.842776756609826,17.845362588203777,12.60855813855478,8.412384275379733,23.655886309219277,17.656970072162867,9.35610820574838,44.71034623973897,24.68805368351381,33.24742607450948,42.40165177608108,29.63977525635661,16.204248746110263,40.53150697283984,8.290121564873868,33.52706533255557,19.96156955697846,14.175902520065742,47.74022212923554,41.98339415623789,40.4383261993584,31.592911170762545,14.261046125756419,18.977258758985563,23.74941311434378,27.374564013511883,22.352605194873394,28.740582918070814,38.05176992085209,36.63150860773273,20.352141455410145,32.15898944573584,29.916730145656526,21.683717778347336,34.93688035997792,23.526616273751873,11.53672993280759,47.1318358878382,48.486618281360485,21.091933137964382,19.8774023371072,16.420894894423377,42.40900725356703,12.330425632383687,34.41730410324085,48.428301242125315,44.876447501325195,44.765975296870806,30.01514105963552,10.270670105075427,26.840893942352125,29.832472533283653,5.3362360517874095,23.053262231448173,28.36658206797706,34.32587307715846,6.936367307498845,9.735710440326717,20.61125930256604,12.573804953391749,47.22870848968215,21.366890169569928,39.34705140473755,21.93707988623462,46.00236227516959,31.426154603580322,48.640231848128344,44.60339585845834,5.709730149190017,30.495228635650914,39.5597599007204,36.48553437025723,9.825575975884517,12.928630165815438,49.57122521967777,12.071894769671886,41.41785675999513,BENIGN
10.0.0.187,172.16.0.6,6,2026-01-22 08:05:00,1431.0698793137294,4512.610664482489,3961.7250820337463,2714.354903964514,831.0478834588802,3557.667303023656,2859.3234332512143,3829.1676212108405,4643.238478211395,3399.892297558826,3510.5487313970907,4035.122765429857,1463.8982018669678,2929.7249954675563,1913.5155357700805,4324.609754934518,3318.1487160430383,3638.2442359289225,2311.3985727265963,2728.7519476077377,4659.894958852904,4415.804540214366,708.5102646239254,3647.343954480467,3375.261853061295,1564.199216946147,3464.684922772103,973.6888909914247,2321.658334165152,4919.398903945945,931.4678449834727,4793.202509476127,563.7323442072252,3974.6507264431825,4123.582544428944,4954.055043552682,1483.5203756121223,3926.113329590143,1596.96637703087,848.6708750769535,2637.8081833884303,4430.400230260451,4723.823667953519,3601.9957017527486,1736.2410075256373,2085.715156635717,1309.4137027267634,3962.0256459913203,1695.7124214189305,1040.1143498762553,1967.605607259578,1295.7868235498506,1918.2772519135056,583.1517830676322,3735.8109400636035,2881.9936977044067,4302.929519703293,2574.6371314401276,2266.134763271558,3033.8174156074765,1940.9255282160582,4123.855355878769,3529.6910571421768,2378.8503934149585,802.7908832590516,1058.5259969132464,3204.8268330366104,2694.2834543077674,2209.2389933196473,1284.0109014760496,2297.7613831768676,2344.5024610780674,598.524314935264,3466.9292251124534,765.1866575043509,4738.935665492356,3897.3538094459386,BruteForce
10.0.0.135,172.16.0.5,6,2026-01-22 08:05:00,4942.563556740441,4761.012523401455,1524.7931654313086,2011.5773106652782,4025.5796898084013,3765.1658391851247,3081.1328910583366,4915.298679235256,4860.496618103024,2480.0757435481446,1841.3008376780906,2858.8874165401558,3044.5890763350862,1118.6924554865104,3246.141251268619,4129.907438303583,2225.2804068705245,4610.840024332779,4932.652911567316,1970.4562168856992,4837.193990408671,3771.803347122056,1411.2347097810007,3616.9791208055735,2665.0178854125397,1111.857259455071,2033.3141428044505,750.7889555833647,2640.4683336148264,800.448850809684,1167.647936993711,1061.5670497610827,4405.797433589514,3027.6857450892817,988.2091239397237,2962.966085362886,4505.836130241481,3291.899572420686,4702.45899992768,4620.169820648712,2117.8573267489855,3446.2143019782325,3292.6379986326992,3254.919942872771,3754.938023394847,2074.1826482098422,2436.009561895652,1054.901810786058,4174.193651402304,4056.5249167651073,2450.217689278398,1655.465214084241,613.6847667515573,3831.202564031594,1385.4392422135168,2243.366482434263,4438.399370952363,1107.3590272979459,4220.680346987483,4288.932429471758,3856.4871418241232,3555.3233521304373,937.5728682325783,4917.003783976848,755.3789358895082,1003.5969137589666,4967.071640865775,4053.555479811283,2606.937022181687,4811.383725666899,1073.1189426423477,4062.5340999470677,1395.182417441737,780.559275072409,4368.371517901733,3117.3136950388025,2935.8126292731135,BruteForce
192.168.1.30,8.8.8.19,6,2026-01-22 08:00:00,13.037360644179548,27.57329730281266,18.83908352897336,21.034658906069506,30.40256864764193,49.76742144570357,23.56219698723219,24.89724549823333,41.286008376883665,16.518858276645233,36.80679324183619,29.246569146593263,24.145798460147628,9.84201602094832,36.457870801881036,5.0427219045673946,30.970842991322183,41.84769973611642,26.341362403351155,6.049053559977021,25.03886663179951,40.97757876551703,45.70795525989719,41.7301022442896,45.577328816101435,41.97127025147842,10.291073051130974,18.098349786861352,16.88564072596897,23.900048491444213,22.74908066840169,22.97852253245358,38.26742135690517,23.74889106442459,30.645765053105016,13.033227328211224,45.485951938376154,46.334858406482944,14.30063462050084,40.39880705178952,33.71709384857873,34.064895091108475,46.11149712970322,14.529939240608565,37.54893876924469,7.207465772655734,9.442890286477368,30.335842220503928,22.0885870438825,45.989484440589855,20.07976097936504,38.62082284495316,45.76451107515849,27.759956690063888,42.419797081184655,39.218251622183985,27.063094733159986,38.082945303458395,21.60889123662732,19.118123522671937,11.26475637755219,18.26634065270538,42.555133586200135,48.45472290842264,44.52969383848521,34.89602252761989,32.46902420291707,49.834578114620385,9.26384624776908,28.343029108855934,21.270280834963863,35.54788412894254,8.020773485144336,10.964837671591004,36.9662205511182,23.849002646364067,48.06758910666415,BENIGN
192.168.1.85,8.8.8.1,6,2026-01-22 08:00:00,35.175333902248724,48.072122584948154,6.207746952147018,17.122103319594835,12.406202443051246,40.90673582859214,22.783603326084556,11.228603263410815,46.46509041616685,21.22699091069977,13.778782104270899,32.26729703203392,35.830421106484096,40.91775154175255,18.765784241533154,15.837035106197156,20.87842958277021,9.510913961195296,46.44062516228037,17.46434410985283,27.18677001966794,44.043879725331685,19.07294741071533,40.03263194075529,49.16736847798021,33.44363566659969,12.958751621913144,39.13803972601945,10.527440796284392,33.61264430427734,22.086664340586037,42.3858276280421,38.3176115819069,45.52763996303186,47.98022435789257,13.87803950342392,28.242676448167025,9.139132080273605,31.679797337502357,6.227399017654882,29.529236891077026,43.128796822536664,24.64576072805674,40.55653642096276,39.58852998720249,26.56688147546877,32.828814697275305,17.6364804559679,32.83974358972078,5.463963551428272,34.132571034547716,15.097111411167527,5.847947279935711,40.558568109781326,27.373371845746043,49.786905721136065,27.112798560465503,41.57736399454512,32.55039961482361,24.23107673226013,22.589244587243954,13.528614887714358,33.8471792878791,48.404684253123065,5.208001916253485,16.15057097472105,28.311308593393242,17.43261612694707,43.41346786870707,20.95181988067086,27.071316100862127,31.781471336577727,14.40041571596837,11.331207786801773,27.056282292440006,32.583934618978674,16.318660734258486,BENIGN
10.0.0.63,172.16.0.9,6,2026-01-22 08:05:00,1406.826351094703,887.8789671151604,3051.16296477462,4041.2266025493427,4361.042564679858,3403.039119182165,2112.716006925243,2759.3846389552587,3891.012994260088,596.6895924123394,4363.971085844074,4375.053625762117,834.6209429803902,659.3152958519975,3202.599045258962,1578.7142958796776,1818.0739990555055,2753.8283280283686,3010.3389175011553,1444.7994651065005,2968.90260112797,1972.7167074349602,1124.0773454454657,529.6793159532439,1454.2828432730503,3249.2263194880675,1388.080067466663,2488.125379392676,930.8880045939967,4537.366887258931,4156.151351436626,3448.8596931812813,509.5377627846401,4217.86245879401,3086.844918971547,1918.7896064934735,4349.875414185519,1346.2871677411636,4820.546438812532,615.0284497267379,1686.4578951089566,1844.6728783397652,4298.331819583764,1532.6426295469103,3539.499122081018,2570.2889104679916,3531.7288986619974,1323.446361598376,2981.499906305122,561.4409740628482,2742.536853306419,646.8283468893228,1462.1157834020498,3467.3749810569284,2873.0670808856,4235.799132675293,3776.4402028091426,3358.248967179787,996.6172945421354,1357.301312681422,2061.0189015937904,4978.191675198532,1686.192485956548,2041.6579447621134,1069.5662209772156,4211.811844797101,4993.862482947936,3403.300166261677,3792.3710443713485,3271.641040520823,1073.0733756014456,3297.9865552200263,2507.8963408101918,697.5461632289254,3876.6023333129933,4095.339431454285,4613.622712355984,BruteForce
10.0.0.156,172.16.0.5,6,2026-01-22 08:05:00,1493.9486007788532,3989.587307484894,2139.6893286916006,3081.0611970487457,4893.1109685079045,2034.7701260272847,1365.9394389696538,1564.0566422990962,1300.3782910849907,756.5739526562195,4787.442845303895,1438.8868611295916,4852.810016381095,4275.75420258939,2945.0431519109457,3984.047569667491,2400.708331173597,3452.621644636042,2507.5422859202317,2809.7738576298543,1433.6350968532727,1457.377009968065,3770.8527373246056,4909.210965145639,2557.6940435211404,515.5506574180629,633.9603364311682,2123.7100860232063,1357.3116643915275,665.096151041617,2783.9366268721196,4632.81814495323,2766.698101893358,2442.5907790255606,883.3427136432624,3664.8142070308772,1294.5716543290189,3857.22599212349,733.6639731633887,2564.8944109865474,2457.945017500433,1425.990876091068,3202.2021056534886,3165.915934888732,2635.472621189415,4835.521649997191,4101.058928372764,4866.717186228974,2958.0782299684647,4923.211470565713,1927.6517398876933,1504.1127218657666,2186.932779752336,1888.2283910063186,1731.6791812251656,2716.5052553741966,3419.1834960478736,4048.205491939577,3533.784272792703,2533.804605079963,707.2780787392616,915.9562888543704,2884.399312486608,4449.263575348643,4989.55286644127,4261.600317233596,2593.9610081365786,3982.377859807795,1915.7065810908487,4199.107235812013,1176.8178985841323,4571.659563723451,3696.0431923772608,590.4141338263714,4135.366113452434,4281.136508643548,963.6356222555504,BruteForce
192.168.1.167,8.8.8.15,6,2026-01-22 08:00:00,14.919031494261612,6.8446122498279305,32.650011411357184,37.5611813771547,12.246638740713859,28.694613682693976,29.291787497402105,42.094854576842806,29.738122601270078,37.820219763516704,30.594217921274556,6.8883404189252575,35.238751769786006,46.56769540081771,24.993504537771983,31.338250730641967,18.509648767999654,34.06364325971613,48.80060157909848,35.507677345534454,24.361993813632772,32.61347090446085,11.12813381556538,32.53772667988958,29.202776878566986,12.452035186106357,28.897370082143564,33.00679201747309,44.93083867880144,28.429678834254606,20.575729049061458,26.078097494371143,31.788858381625364,44.33404458260534,38.91347751141858,7.456332293693194,30.24142798870232,24.898648463787477,15.210570476541323,24.457990948677434,34.76635592890332,6.143749655411746,34.460834892817175,45.98104538206366,28.884587419317036,10.267284229901627,9.867073123510307,21.025463778608685,43.6936648792869,21.235142600575287,22.389410566459144,26.4592892656505,48.30519991613592,42.889883205676476,7.102946597252929,36.45153078100158,10.413951814085253,21.034338426360506,40.02644993949501,29.722581755595584,7.113039876260572,41.423451924999306,34.74752759402842,39.63934751795206,43.074378133469864,44.80932477967733,30.929220121269264,13.028138718805257,49.006479533977945,11.680563381948481,38.347289883316236,14.29925777176241,40.08588915878046,41.27954704504835,19.56790131202773,8.989149259945082,39.53748971286815,BENIGN
10.0.0.62,172.16.0.9,6,2026-01-22 08:05:00,3757.9381172602284,2130.282615961058,588.3927076555083,3245.5399224310722,4967.679513073657,4788.768571748245,2624.172169186395,995.9854682221954,2832.4116973334553,3075.130502900823,4844.564307476955,2897.0743957020445,2617.022454154847,1868.0270831302776,2001.2309421170821,4170.789472815901,4880.787700675656,3835.528791254133,3485.725289327408,1445.1836999234793,648.7537233988655,4787.24438356362,2274.5604979764985,1903.9326495404719,2769.8504495881725,2737.339192928397,4661.9675428881565,4048.2604505454538,1387.2905949201966,4801.758189877216,4617.285581840711,4476.270085841512,607.1307835774269,3501.64640230535,2418.3627935917393,1681.1968222252585,4106.106451045388,1483.5203362231002,3693.347480111005,3207.3532613586503,3547.157194581277,731.5996023631101,1023.6763589729641,4342.152772983562,4451.507408961235,1524.6967145663048,2925.6446451996553,1458.2585576320841,513.2582724869038,3099.264274297516,4377.069414296548,1444.2412578038693,4479.396617974831,2956.141684246092,2116.6174181217825,4344.3470315837,4066.4931494996595,3180.5849805096536,1266.8656515926018,4019.8698545302354,4009.4176687602917,1158.8915717677073,3956.4389695091686,1032.3421659921355,3044.438698611605,2671.1599174467274,4294.990363446975,2228.431296375238,1999.910399755219,3191.5485266236806,4523.8931677085875,1421.113694738799,4347.2213186211775,2180.1472888722747,2009.0640045698317,4695.0563864585765,1511.0903886852207,WebAttack
192.168.1.227,8.8.8.2,6,2026-01-22 08:00:00,21.63830870158201,33.73711740433687,40.99948954003332,16.72793297229134,24.663063191535727,22.75323461111918,15.199494752652841,14.418421411695723,38.049544094968404,18.391236828830827,19.690442389023367,25.438805093605858,47.27450664173996,30.41317552086784,48.11535773137479,41.303156952172266,33.222821287370394,21.23511478678632,26.5837373486867,22.475959307452108,12.605083660305514,26.586025774426112,39.16850395301627,21.72936473164375,33.32890604803181,41.98167352622864,39.0673227267985,31.548865626228423,49.39278832264056,49.755272498514685,40.918644322235586,48.689853400516334,11.341717116666413,19.86655270937807,33.86615374442471,6.77921617213113,10.067975201952109,14.753305473502852,13.51029489285502,40.193973119214725,36.868392489965174,42.83272537300981,23.53798538535343,26.425427073954086,28.97162408910136,30.440736240893152,36.59020770542857,13.29998332636656,8.36969267212143,42.17546942247674,41.16653464075307,35.659762371501415,25.670652422660012,5.00387570756087,19.50840358088646,21.65881689483136,14.113843166908552,30.97068123096301,16.069144172096486,33.08371692135165,45.79733635510629,8.332537718294507,37.91325844991105,31.52374242102398,28.76075320493547,14.913726033087075,38.416276125865025,49.31925533546023,13.177753474984698,23.957724204788004,27.951673310043805,12.770139171981857,36.87993046082656,22.809282708726254,43.65526765566935,14.46164067495435,16.989380913462846,BENIGN
10.0.0.67,172.16.0.4,6,2026-01-22 08:05:00,4825.821312766621,575.4192181332886,2805.835366038079,2263.4127189881256,2258.084979865601,2837.5901841248037,633.0851150277969,3502.0972278528297,1923.0114543971447,4068.9955075786825,592.1788813629014,1416.0746944676978,4743.489285092226,4354.208126791271,4467.418660569544,3098.8726882764813,2051.4607070102725,1395.3223334819359,541.5386843173391,1845.083311374071,3494.484397488596,1937.5534471064884,2627.5384876336943,1268.2158845592103,4007.576649533575,3276.869494046935,2948.227918227479,1519.3647465696731,3768.430390900802,4974.364531653165,1467.5120317736837,2148.2916862416823,3060.6679974240974,3050.5963081048144,990.5371680781766,2575.4482100120485,3960.6734003965676,512.0256235606424,2752.2277502369584,4231.236260886837,4504.746267844198,4969.610745535243,4595.958624550205,4952.5242798368245,2541.468900307979,999.8363986316057,2050.865978281367,4743.081201623997,1982.0718277454087,4766.761892746403,1609.1648663962426,1658.002149456022,3472.832391207402,3930.0116322722906,4862.511166122947,861.4455698746342,643.6242510992752,1329.9491713145378,1543.0773408035852,2263.050308390329,1678.7471965520715,3438.4437575271936,937.241359092121,1421.7825272026057,1015.0204169805353,1759.6095214250279,4660.023812216883,1069.5495114974708,882.3383075698268,4923.563885747167,4811.905279769628,2508.671990981528,4868.395924210769,4822.55783735059,4332.275752580383,1187.0970305110811,3516.368423327177,PortScan
192.168.1.156,8.8.8.14,6,2026-01-22 08:00:00,34.04094369769291,38.3818025162629,15.912536687003238,30.153245258030463,32.14297208417081,28.90966419262924,34.30604733324533,27.58091806495776,15.602644130524226,18.74609270523279,17.042290413642156,46.35790007409665,39.89647831048781,15.10368193868105,17.338504005769348,26.737601502723958,40.992735217097064,40.69295126593003,26.031002242575454,11.558785882149534,5.182852484932424,49.798328000382114,26.804497869372,48.18375860631385,32.00798454293184,34.87910467949584,46.09735082129828,41.53858013562962,5.810518754255028,19.40126994162599,33.805525639928575,32.509056179900064,5.471596354290063,14.24471443647209,21.795066801557894,13.30268032099449,17.617682262656743,19.044602882557783,10.043611562541152,19.129695151529674,16.982469030316715,11.192815891948584,43.86861772873225,39.52367069039053,11.013457286570343,22.761296904881828,44.066858411380124,19.81572587936124,16.713922447138103,38.567854831163,26.079453790468726,12.05583625637071,20.958071090219704,33.6701609803869,39.96468559722872,11.8623366302187,21.17529475516048,27.52561276469486,23.045629938024394,23.504545568251885,41.87831720421917,37.30709699895229,16.798003730666075,44.17071338942191,40.48945468060339,7.299115916476985,41.48973783990665,27.27804508615192,9.709999541873739,14.652186282789541,20.48244819324521,28.596308264868647,18.394610566025825,42.499968804872665,28.62954954621316,46.93417357689319,20.651357470092627,BENIGN
10.0.0.65,172.16.0.2,6,2026-01-22 08:05:00,951.2450143838203,1615.713810212514,3494.0151538635296,2298.316577425124,2587.272454999383,4441.47747507803,601.2835001813633,830.7780228592396,3274.8057778380744,2080.0311298255565,4828.440543112927,4975.902502903895,1665.9850083057372,849.318821275302,3827.1822265949254,1948.663827672534,1441.3754264076408,1203.5374807128105,2109.3801138226972,3517.9926883708454,3041.7305003222937,881.9259229978672,4104.143887152059,2769.8574090901766,2172.170770343336,3670.7525041218587,3589.5494230176178,2494.2092390688085,3065.4069255523445,3593.1546732749694,1464.3141777090816,1728.0524979480276,2152.32525048763,4678.866890832453,4501.751778677073,1837.5482221275117,2802.159857690968,3982.6125225080345,4564.348405051644,4521.904812637153,3679.8845293484746,1468.6624840528004,2468.6190008404046,4931.06202662147,3941.48050433406,2280.5748582469278,1339.49801548916,4366.170705487494,1031.2012939525819,3620.845632524963,2066.6910631299143,1847.29545964571,4411.210975147276,1462.542935291166,1730.887851903588,1493.4783835691169,2225.588660963817,3758.0092265414296,4983.896240634917,4147.989863311059,2755.1808327163894,3054.025859018759,1480.853327597766,4363.750689556933,3653.726499386931,696.6367014538505,3247.5323955967606,3037.3212012940235,4453.1248862292,2723.4734439459576,2172.6816442507325,2808.7933282953254,3224.7736735568524,1834.8256148381815,1426.5015731613553,1417.3945506089376,1075.9550354252356,DoS
10.0.0.189,172.16.0.6,6,2026-01-22 08:05:00,2819.6251744987853,4960.15970032911,4590.548288835171,1106.295506821767,2545.836991952857,4765.830964766378,1563.507971342339,3502.9627884558745,3037.359877175474,975.8711215961634,1891.090604785929,1934.5736633490153,3063.668078089761,3018.8350762753216,1932.639767785327,3153.1880554954732,788.8324366831624,4183.013940518816,4821.57056659115,3670.610840230603,798.3427379921955,2187.4382558506513,3375.747520039301,4906.895845401737,3270.597148072482,4220.1517773002015,3753.558878418389,3739.185116376807,3714.1920912378414,982.9236328533069,4453.924152033011,1071.015887782225,4880.450948065419,1932.9360192042166,3354.8027762172023,1620.7775634794805,2516.533421903204,3174.1561889904237,1241.2173561487593,2615.2587068640228,911.1000551202008,2534.8761892476978,2630.641716662918,1152.0154523593487,3437.867128571319,1247.3156826881764,4078.2279170678544,2876.6334245878934,4573.433529807229,4823.474753983712,539.779222843738,2670.932184822758,617.9845792362478,1997.6321003539563,2867.54176018272,4141.203299809937,4617.008818164566,4927.741832660917,4599.8996629740595,1737.4154113492532,3046.0132961561676,2032.471919124452,809.4944453501546,914.1054289602469,3828.0922043040896,2410.1724158809106,4981.535734166876,1317.3797533161303,3967.1926683270603,4039.9581468654733,2720.296332040614,1770.7359564327894,4860.8094295235815,2962.2967630545054,4821.311133323073,3411.3850865509617,3667.215289873103,WebAttack
192.168.1.18,8.8.8.11,6,2026-01-22 08:00:00,28.47461950496619,42.9834327088656,47.13283622215698,49.46536661146976,10.606391070793764,10.396191858741538,15.234086623868203,5.776477655983394,26.138354330301695,30.6776097836961,46.08638122350651,22.73828007576519,37.77584476740362,30.29125514204833,32.17888502354995,38.48397876328393,38.136853494794785,7.437954034464022,27.34782842616362,15.178172285146786,37.2274773376604,40.396289643392244,23.401891278644747,10.517636257614097,17.474807884988614,18.292070078967534,25.807849396580846,33.19037764778979,25.54136478613403,40.414055906969416,47.30397316955714,46.86173426124249,27.132476389960242,44.218761796601314,44.854037715443496,22.412509734397716,27.575863609273735,31.43561085341812,10.192209171287178,35.57800534181247,15.516811638283516,25.05389152332981,8.128886939342895,15.019295474611267,46.797718846555775,26.775704494405314,11.906413898105662,37.169361950908296,23.8476998932061,43.478501935812844,8.200008344084305,42.022213677399264,36.67414134636222,14.632146564880983,45.04694322912123,45.90377730527324,49.39588261698566,21.77264023670222,5.001263010494225,37.267234098222886,35.47400168358055,16.753198568774387,7.614516651717587,16.663531177314642,35.01455522543642,47.12952737718839,13.821685313623604,26.838407722132242,30.19391633259512,26.471778417830073,14.725983592826163,14.473785315852862,18.11127643406504,48.849122564305205,24.84273128755347,18.58206906213357,46.4129751766874,BENIGN
192.168.1.211,8.8.8.3,6,2026-01-22 08:00:00,8.129752089592895,27.970758126514088,5.468006389823399,22.77038638682051,30.05829097717268,32.20677373619287,24.274935563304016,10.066498100646193,47.40591210406497,10.201357153202252,45.473779799067785,20.783589929277134,17.044778004680104,49.715328620129114,46.01129666441606,22.06917269967481,44.364111445632034,11.730431799567818,10.528660228605165,23.884361178727378,44.70206584520581,23.317430443521214,41.919419999890216,27.87276537862057,22.41459717581656,6.220337389663581,12.554549972857618,28.829725858998806,49.476700390990956,42.53983587637481,27.83032983241405,44.85069858598924,19.802656126735698,47.534881297499346,38.07375106628674,28.77448958610519,33.730005575348166,32.950584091882206,23.677434658866687,21.05425062425243,40.11317033117703,25.452713896321196,29.614071756776248,22.880987227747976,33.04086497467483,42.491029080069794,40.86835212041706,10.634840740756587,7.234421388689214,41.28255460389262,8.012622867566343,18.777021454320607,29.24706006592369,23.507115031951997,30.209034366566264,9.98657038935294,22.987726938634687,6.77195414941964,10.078209417683693,41.340774840200126,26.36204357610341,29.098181618536533,17.108175125920617,45.905543193097,42.83962330699083,5.713345910931364,40.32978750554184,47.93853253146141,29.69388370564909,18.861868843863753,17.782231784623274,43.11863051830418,39.80172959997753,12.082677520318232,17.63448290170997,36.83778865070479,19.37305542922313,BENIGN
