timestamp,src,sport,dst,dport,proto,pkt_count,bytes,duration,pred
2025-12-16 01:06:47,192.168.1.25,55091,172.64.155.209,443,TCP,1,55,0.0,
2025-12-16 01:06:47,172.64.155.209,443,192.168.1.25,55091,TCP,1,66,0.0,
2025-12-16 01:06:48,8.8.4.4,443,192.168.1.25,63876,TCP,3,218,0.0,
2025-12-16 01:06:48,192.168.1.25,63876,8.8.4.4,443,TCP,1,54,0.0,
2025-12-16 01:06:51,192.168.1.20,5353,224.0.0.251,5353,UDP,6,1047,0.642,
2025-12-16 01:06:52,192.168.1.25,52292,8.8.8.8,53,UDP,2,145,6.883,
2025-12-16 01:06:52,192.168.1.25,52292,8.8.4.4,53,UDP,1,74,0.0,
2025-12-16 01:06:52,8.8.8.8,53,192.168.1.25,52292,UDP,2,304,6.923,
2025-12-16 01:06:53,192.168.1.25,50971,34.54.84.110,443,TCP,13,2850,0.393,
2025-12-16 01:06:53,34.54.84.110,443,192.168.1.25,50971,TCP,12,5497,0.354,
2025-12-16 01:06:53,8.8.4.4,53,192.168.1.25,52292,UDP,1,169,0.0,
2025-12-16 01:06:53,192.168.1.25,50972,49.44.144.87,443,TCP,10,3805,0.179,
2025-12-16 01:06:53,49.44.144.87,443,192.168.1.25,50972,TCP,9,9880,0.17,
2025-12-16 01:06:56,192.168.1.25,54526,4.186.14.122,443,TCP,2,159,0.075,
2025-12-16 01:06:56,4.186.14.122,443,192.168.1.25,54526,TCP,1,94,0.0,
2025-12-16 01:06:56,192.168.1.25,62293,99.86.182.15,443,TCP,1,55,0.0,
2025-12-16 01:06:56,99.86.182.15,443,192.168.1.25,62293,TCP,1,66,0.0,
2025-12-16 01:06:58,192.168.1.25,61533,8.8.8.8,53,UDP,1,74,0.0,
2025-12-16 01:06:58,192.168.1.25,61533,8.8.4.4,53,UDP,1,74,0.0,
2025-12-16 01:06:58,8.8.8.8,53,192.168.1.25,61533,UDP,1,94,0.0,
2025-12-16 01:06:58,8.8.4.4,53,192.168.1.25,61533,UDP,1,94,0.0,
2025-12-16 01:06:58,192.168.1.25,50973,172.217.24.164,443,TCP,9,2291,0.215,
2025-12-16 01:06:58,172.217.24.164,443,192.168.1.25,50973,TCP,22,36688,0.203,
2025-12-16 01:07:03,192.168.1.25,59023,8.8.8.8,53,UDP,1,74,0.0,
2025-12-16 01:07:03,192.168.1.25,59023,8.8.4.4,53,UDP,1,74,0.0,
2025-12-16 01:07:03,8.8.8.8,53,192.168.1.25,59023,UDP,1,104,0.0,
2025-12-16 01:07:03,8.8.4.4,53,192.168.1.25,59023,UDP,1,104,0.0,
2025-12-16 01:07:03,192.168.1.25,50974,20.207.73.82,443,TCP,7,2167,0.133,
2025-12-16 01:07:03,20.207.73.82,443,192.168.1.25,50974,TCP,7,4223,0.106,
2025-12-16 01:07:03,192.168.1.25,50975,20.207.73.82,443,TCP,15,2591,0.206,
2025-12-16 01:07:04,192.168.1.25,62733,104.18.32.47,443,TCP,1,55,0.0,
2025-12-16 01:07:04,104.18.32.47,443,192.168.1.25,62733,TCP,1,66,0.0,
2025-12-16 01:07:05,192.168.1.25,51003,8.8.8.8,53,UDP,1,70,0.0,
2025-12-16 01:07:05,192.168.1.25,56350,8.8.8.8,53,UDP,1,70,0.0,
2025-12-16 01:07:05,8.8.8.8,53,192.168.1.25,51003,UDP,1,150,0.0,
2025-12-16 01:07:05,8.8.8.8,53,192.168.1.25,56350,UDP,1,102,0.0,
2025-12-16 01:07:05,192.168.1.25,63083,75.101.158.227,443,TCP,3,215,0.002,
2025-12-16 01:07:05,192.168.1.25,63631,75.101.158.227,443,TCP,3,215,0.001,
2025-12-16 01:07:05,0.0.0.0,0,224.0.0.1,0,2,3,138,0.003,
2025-12-16 01:07:05,75.101.158.227,443,192.168.1.25,63083,TCP,5,343,0.252,
2025-12-16 01:07:05,75.101.158.227,443,192.168.1.25,63631,TCP,5,343,0.252,
2025-12-16 01:07:05,192.168.1.25,0,224.0.0.251,0,2,1,46,0.0,
2025-12-16 01:07:05,192.168.1.25,0,239.255.255.250,0,2,1,46,0.0,
2025-12-16 01:07:06,192.168.1.25,57281,8.8.4.4,443,UDP,17,7010,1.017,
2025-12-16 01:07:06,8.8.4.4,443,192.168.1.25,57281,UDP,21,9858,1.005,
2025-12-16 01:07:06,192.168.1.25,60336,3.233.252.78,443,TCP,8,3894,1.041,
2025-12-16 01:07:06,192.168.1.25,50442,3.233.252.78,443,TCP,12,7873,0.753,
2025-12-16 01:07:06,3.233.252.78,443,192.168.1.25,60336,TCP,8,4991,0.775,
2025-12-16 01:07:06,192.168.1.25,61985,3.233.252.78,443,TCP,7,2476,0.7,
2025-12-16 01:07:06,3.233.252.78,443,192.168.1.25,61985,TCP,9,5064,0.492,
2025-12-16 01:07:06,192.168.1.1,0,192.168.1.25,0,1,4,2376,19.859,
2025-12-16 01:07:06,3.233.252.78,443,192.168.1.25,50442,TCP,17,5950,0.901,
2025-12-16 01:07:06,192.168.1.25,62573,64.233.170.188,443,TCP,1,55,0.0,
2025-12-16 01:07:06,64.233.170.188,443,192.168.1.25,62573,TCP,1,66,0.0,
2025-12-16 01:07:07,192.168.1.25,56932,100.30.124.180,443,TCP,12,22074,1.33,
2025-12-16 01:07:07,100.30.124.180,443,192.168.1.25,56932,TCP,16,8625,1.107,
2025-12-16 01:07:08,192.168.1.28,53400,239.255.255.250,1900,UDP,1,167,0.0,
2025-12-16 01:07:08,192.168.1.25,62696,74.125.200.188,443,TCP,1,55,0.0,
2025-12-16 01:07:08,74.125.200.188,443,192.168.1.25,62696,TCP,1,70,0.0,
2025-12-16 01:07:09,3.217.172.174,443,192.168.1.25,50969,TCP,11,5675,22.887,
2025-12-16 01:07:09,192.168.1.25,50969,3.217.172.174,443,TCP,12,5640,23.212,
2025-12-16 01:07:09,192.168.1.25,50948,13.89.179.10,443,TCP,1,55,0.0,
2025-12-16 01:07:09,13.89.179.10,443,192.168.1.25,50948,TCP,1,66,0.0,
2025-12-16 01:07:12,192.168.1.25,0,239.255.102.18,0,2,1,46,0.0,
2025-12-16 01:07:12,192.168.1.25,50060,18.161.216.15,443,TCP,3,163,14.896,
2025-12-16 01:07:12,18.161.216.15,443,192.168.1.25,50060,TCP,4,267,14.854,
2025-12-16 01:07:12,192.168.1.25,55572,8.8.8.8,53,UDP,2,151,9.246,
2025-12-16 01:07:12,192.168.1.25,55572,8.8.4.4,53,UDP,1,81,0.0,
2025-12-16 01:07:12,8.8.8.8,53,192.168.1.25,55572,UDP,2,183,9.284,
2025-12-16 01:07:12,8.8.4.4,53,192.168.1.25,55572,UDP,1,97,0.0,
2025-12-16 01:07:13,192.168.1.25,61700,4.224.95.102,443,TCP,2,166,0.076,
2025-12-16 01:07:13,4.224.95.102,443,192.168.1.25,61700,TCP,1,101,0.0,
2025-12-16 01:07:13,192.168.1.25,52493,8.8.8.8,53,UDP,2,186,0.151,
2025-12-16 01:07:13,8.8.8.8,53,192.168.1.25,52493,UDP,2,255,0.152,
2025-12-16 01:07:13,192.168.1.25,56940,142.250.182.65,443,TCP,12,2555,0.094,
2025-12-16 01:07:13,142.250.182.65,443,192.168.1.25,56940,TCP,14,11807,0.093,
2025-12-16 01:07:14,192.168.1.25,62838,8.8.8.8,53,UDP,2,157,1.009,
2025-12-16 01:07:14,8.8.8.8,53,192.168.1.25,62838,UDP,2,429,1.009,
2025-12-16 01:07:14,192.168.1.25,0,224.0.0.252,0,2,1,46,0.0,
2025-12-16 01:07:17,192.168.1.28,0,224.0.0.251,0,2,3,138,0.003,
2025-12-16 01:07:17,192.168.1.10,0,224.0.0.251,0,2,2,120,0.001,
2025-12-16 01:07:19,192.168.1.25,61645,35.190.80.1,443,TCP,1,55,0.0,
2025-12-16 01:07:19,35.190.80.1,443,192.168.1.25,61645,TCP,1,66,0.0,
2025-12-16 01:07:23,192.168.1.20,0,224.0.0.252,0,2,3,138,0.0,
2025-12-16 01:07:24,192.168.1.25,51044,8.8.8.8,53,UDP,1,79,0.0,
2025-12-16 01:07:24,192.168.1.25,54990,8.8.8.8,53,UDP,1,79,0.0,
2025-12-16 01:07:24,8.8.8.8,53,192.168.1.25,54990,UDP,1,248,0.0,
2025-12-16 01:07:25,192.168.1.25,65039,13.107.213.58,443,TCP,17,4342,0.079,
2025-12-16 01:07:25,13.107.213.58,443,192.168.1.25,65039,TCP,19,65529,0.07,
2025-12-16 01:07:29,192.168.1.25,63876,8.8.4.4,443,TCP,2,108,0.0,
2025-12-16 01:07:29,8.8.4.4,443,192.168.1.25,63876,TCP,1,54,0.0,
2025-12-16 01:07:32,52.123.128.14,443,192.168.1.25,50963,TCP,1,54,0.0,
2025-12-16 01:07:32,52.123.128.14,443,192.168.1.25,50964,TCP,1,54,0.0,
2025-12-16 01:07:32,192.168.1.25,55091,172.64.155.209,443,TCP,1,55,0.0,
2025-12-16 01:07:32,172.64.155.209,443,192.168.1.25,55091,TCP,1,66,0.0,
2025-12-16 01:07:33,20.207.73.82,443,192.168.1.25,50974,TCP,2,132,0.0,
2025-12-16 01:07:33,192.168.1.25,50974,20.207.73.82,443,TCP,1,54,0.0,
2025-12-16 01:07:33,20.207.73.82,443,192.168.1.25,50975,TCP,17,138271,30.092,
2025-12-16 01:07:33,192.168.1.25,50975,20.207.73.82,443,TCP,1,54,0.0,
2025-12-16 01:07:36,192.168.1.25,54526,4.186.14.122,443,TCP,2,159,0.144,
2025-12-16 01:07:36,4.186.14.122,443,192.168.1.25,54526,TCP,1,94,0.0,
2025-12-16 01:07:42,192.168.1.25,64477,8.8.8.8,53,UDP,1,70,0.0,
2025-12-16 01:07:42,192.168.1.25,57952,8.8.8.8,53,UDP,1,70,0.0,
2025-12-16 01:07:42,8.8.8.8,53,192.168.1.25,64477,UDP,1,150,0.0,
2025-12-16 01:07:42,8.8.8.8,53,192.168.1.25,57952,UDP,1,102,0.0,
2025-12-16 01:07:43,192.168.1.25,56940,142.250.182.65,443,TCP,1,55,0.0,
2025-12-16 01:07:43,142.250.182.65,443,192.168.1.25,56940,TCP,1,70,0.0,
2025-12-16 01:07:43,192.168.1.25,56933,34.54.84.110,443,TCP,37,7710,35.113,
2025-12-16 01:07:43,34.54.84.110,443,192.168.1.25,56933,TCP,36,35974,35.075,
2025-12-16 01:07:44,192.168.1.25,64718,142.251.220.106,443,UDP,13,7370,1.062,
2025-12-16 01:07:44,142.251.220.106,443,192.168.1.25,64718,UDP,17,9437,1.058,
2025-12-16 01:07:44,142.250.67.46,443,192.168.1.25,62706,UDP,20,11145,0.143,
2025-12-16 01:07:44,192.168.1.25,62706,142.250.67.46,443,UDP,17,7873,0.153,
2025-12-16 01:07:51,192.168.1.25,62573,64.233.170.188,443,TCP,1,55,0.0,
2025-12-16 01:07:51,64.233.170.188,443,192.168.1.25,62573,TCP,1,70,0.0,
2025-12-16 01:07:53,192.168.1.25,62696,74.125.200.188,443,TCP,1,55,0.0,
2025-12-16 01:07:53,74.125.200.188,443,192.168.1.25,62696,TCP,1,66,0.0,
2025-12-16 01:07:53,192.168.1.25,65042,34.54.84.110,443,TCP,13,2826,0.419,
2025-12-16 01:07:53,34.54.84.110,443,192.168.1.25,65042,TCP,12,5449,0.336,
2025-12-16 01:07:54,192.168.1.25,64736,20.199.39.224,443,TCP,3,163,30.034,
2025-12-16 01:07:54,20.199.39.224,443,192.168.1.25,64736,TCP,4,291,29.894,
2025-12-16 01:07:56,192.168.1.25,62293,99.86.182.15,443,TCP,3,163,14.783,
2025-12-16 01:07:56,99.86.182.15,443,192.168.1.25,62293,TCP,4,267,14.752,
2025-12-16 01:08:06,192.168.1.25,50442,3.233.252.78,443,TCP,3,163,14.587,
2025-12-16 01:08:06,3.233.252.78,443,192.168.1.25,50442,TCP,5,359,14.619,
2025-12-16 01:08:07,192.168.1.25,56932,100.30.124.180,443,TCP,3,163,15.013,
2025-12-16 01:08:07,100.30.124.180,443,192.168.1.25,56932,TCP,5,345,15.044,
2025-12-16 01:08:07,192.168.1.28,39466,239.255.255.250,1900,UDP,1,167,0.0,
2025-12-16 01:08:08,192.168.1.25,61800,35.190.80.1,443,UDP,12,6837,0.509,
2025-12-16 01:08:08,35.190.80.1,443,192.168.1.25,61800,UDP,11,5223,0.539,
2025-12-16 01:08:08,4.224.95.102,443,192.168.1.25,61700,TCP,1,101,0.0,
2025-12-16 01:08:08,192.168.1.25,61700,4.224.95.102,443,TCP,2,166,0.078,
2025-12-16 01:08:09,3.217.172.174,443,192.168.1.25,50969,TCP,2,139,0.0,
2025-12-16 01:08:09,192.168.1.25,50969,3.217.172.174,443,TCP,1,54,0.0,
2025-12-16 01:08:09,192.168.1.25,65039,13.107.213.58,443,TCP,1,55,0.0,
2025-12-16 01:08:09,13.107.213.58,443,192.168.1.25,65039,TCP,1,66,0.0,
2025-12-16 01:08:10,192.168.1.25,60336,3.233.252.78,443,TCP,4,217,18.939,
2025-12-16 01:08:10,3.233.252.78,443,192.168.1.25,60336,TCP,5,359,18.939,
2025-12-16 01:08:12,192.168.1.25,65323,8.8.8.8,443,UDP,20,6384,29.847,
2025-12-16 01:08:12,8.8.8.8,443,192.168.1.25,65323,UDP,22,8537,29.816,
2025-12-16 01:08:12,192.168.1.25,65227,8.8.4.4,443,UDP,16,4507,5.725,
2025-12-16 01:08:12,8.8.4.4,443,192.168.1.25,65227,UDP,18,6672,5.688,
2025-12-16 01:08:12,192.168.1.25,62733,104.18.32.47,443,TCP,9,1583,23.787,
2025-12-16 01:08:12,104.18.32.47,443,192.168.1.25,62733,TCP,10,1227,23.78,
2025-12-16 01:08:12,192.168.1.25,61645,35.190.80.1,443,TCP,8,717,8.721,
2025-12-16 01:08:12,35.190.80.1,443,192.168.1.25,61645,TCP,7,538,8.676,
2025-12-16 01:08:12,192.168.1.25,55091,172.64.155.209,443,TCP,10,14942,5.942,
2025-12-16 01:08:12,172.64.155.209,443,192.168.1.25,55091,TCP,19,1965,5.936,
2025-12-16 01:08:12,192.168.1.25,49772,172.217.24.3,443,UDP,12,6314,0.253,
2025-12-16 01:08:12,192.168.1.25,63471,18.161.216.127,443,TCP,11,3845,0.268,
2025-12-16 01:08:12,18.161.216.127,443,192.168.1.25,63471,TCP,10,2493,0.248,
2025-12-16 01:08:12,172.217.24.3,443,192.168.1.25,49772,UDP,15,7882,0.248,
2025-12-16 01:08:13,192.168.1.25,63472,57.144.169.32,443,TCP,11,1566,0.065,
2025-12-16 01:08:13,57.144.169.32,443,192.168.1.25,63472,TCP,10,1219,0.062,
2025-12-16 01:08:13,192.168.1.25,63473,57.144.53.32,443,TCP,13,1686,0.079,
2025-12-16 01:08:13,192.168.1.25,63475,57.144.211.32,443,TCP,10,1512,0.077,
2025-12-16 01:08:13,57.144.53.32,443,192.168.1.25,63473,TCP,11,1304,0.076,
2025-12-16 01:08:13,57.144.211.32,443,192.168.1.25,63475,TCP,11,1273,0.067,
2025-12-16 01:08:13,192.168.1.25,63476,57.144.43.32,443,TCP,9,1433,0.102,
2025-12-16 01:08:13,192.168.1.25,63474,202.88.157.98,443,TCP,15,1980,0.133,
2025-12-16 01:08:13,202.88.157.98,443,192.168.1.25,63474,TCP,15,4751,0.129,
2025-12-16 01:08:13,4.213.25.242,443,192.168.1.25,61708,TCP,1,228,0.0,
2025-12-16 01:08:13,57.144.43.32,443,192.168.1.25,63476,TCP,11,1273,0.144,
2025-12-16 01:08:13,192.168.1.25,61708,4.213.25.242,443,TCP,2,151,0.078,
2025-12-16 01:08:16,192.168.1.25,54526,4.186.14.122,443,TCP,2,159,0.075,
2025-12-16 01:08:16,4.186.14.122,443,192.168.1.25,54526,TCP,1,94,0.0,
2025-12-16 01:08:16,192.168.1.25,61315,13.107.5.93,443,TCP,9,1959,4.121,
2025-12-16 01:08:16,13.107.5.93,443,192.168.1.25,61315,TCP,13,7839,4.109,
2025-12-16 01:08:16,192.168.1.25,58449,23.23.231.53,443,TCP,13,7653,1.2,
2025-12-16 01:08:16,23.23.231.53,443,192.168.1.25,58449,TCP,12,5678,1.147,
2025-12-16 01:08:17,192.168.1.25,62755,172.217.24.3,443,UDP,102,111782,0.991,
2025-12-16 01:08:17,172.217.24.3,443,192.168.1.25,62755,UDP,67,11734,0.993,
2025-12-16 01:08:20,192.168.1.25,62838,8.8.8.8,53,UDP,1,79,0.0,
2025-12-16 01:08:20,8.8.8.8,53,192.168.1.25,62838,UDP,1,143,0.0,
2025-12-16 01:08:21,192.168.1.1,0,192.168.1.25,0,1,3,1782,6.005,
2025-12-16 01:08:22,192.168.1.25,50551,44.198.7.35,443,TCP,13,5389,0.69,
2025-12-16 01:08:22,44.198.7.35,443,192.168.1.25,58701,TCP,8,4990,0.909,
2025-12-16 01:08:22,44.198.7.35,443,192.168.1.25,50551,TCP,14,5969,0.766,
2025-12-16 01:08:22,192.168.1.25,58701,44.198.7.35,443,TCP,8,3992,1.254,
2025-12-16 01:08:24,192.168.1.25,49664,8.8.8.8,53,UDP,1,92,0.0,
2025-12-16 01:08:24,192.168.1.25,59381,8.8.8.8,53,UDP,1,92,0.0,
2025-12-16 01:08:24,8.8.8.8,53,192.168.1.25,59381,UDP,1,216,0.0,
2025-12-16 01:08:24,8.8.8.8,53,192.168.1.25,49664,UDP,1,256,0.0,
2025-12-16 01:08:24,192.168.1.25,51472,216.239.36.223,443,TCP,8,41592,4.224,
2025-12-16 01:08:24,216.239.36.223,443,192.168.1.25,51472,TCP,15,3631,4.21,
2025-12-16 01:08:25,192.168.1.25,50948,13.89.179.10,443,TCP,6,9184,30.219,
2025-12-16 01:08:25,13.89.179.10,443,192.168.1.25,50948,TCP,10,690,29.734,
2025-12-16 01:08:26,192.168.1.25,50636,8.8.4.4,443,UDP,27,6212,10.732,
2025-12-16 01:08:26,8.8.4.4,443,192.168.1.25,50636,UDP,32,10203,10.706,
2025-12-16 01:08:27,192.168.1.25,54895,104.18.36.169,443,UDP,15,11614,1.74,
2025-12-16 01:08:27,104.18.36.169,443,192.168.1.25,54895,UDP,13,5933,1.728,
2025-12-16 01:08:31,192.168.1.25,65383,202.88.157.98,443,TCP,7,378,18.951,
2025-12-16 01:08:31,192.168.1.25,65384,57.144.43.32,443,TCP,7,378,18.95,
2025-12-16 01:08:31,192.168.1.25,65385,57.144.53.32,443,TCP,7,378,18.95,
2025-12-16 01:08:31,192.168.1.25,65382,57.144.211.32,443,TCP,7,378,18.95,
2025-12-16 01:08:31,192.168.1.25,65381,57.144.169.32,443,TCP,7,378,18.949,
2025-12-16 01:08:32,192.168.1.25,61316,57.144.169.33,443,TCP,27,2662,20.252,
2025-12-16 01:08:32,57.144.169.33,443,192.168.1.25,61316,TCP,32,4824,20.233,
2025-12-16 01:08:35,192.168.1.25,50552,52.168.112.67,443,TCP,10,2923,0.713,
2025-12-16 01:08:35,52.168.112.67,443,192.168.1.25,50552,TCP,7,7301,0.461,
2025-12-16 01:08:36,192.168.1.25,62573,64.233.170.188,443,TCP,1,55,0.0,
2025-12-16 01:08:37,64.233.170.188,443,192.168.1.25,62573,TCP,1,66,0.0,
2025-12-16 01:08:37,192.168.1.25,57878,34.195.70.37,443,TCP,129,18877,18.342,
2025-12-16 01:08:37,34.195.70.37,443,192.168.1.25,57878,TCP,163,35008,18.118,
2025-12-16 01:08:37,192.168.1.25,51471,34.195.70.37,443,TCP,132,17728,17.272,
2025-12-16 01:08:37,34.195.70.37,443,192.168.1.25,51471,TCP,188,32746,17.06,
2025-12-16 01:08:37,192.168.1.25,52493,8.8.8.8,53,UDP,2,177,25.298,
2025-12-16 01:08:37,8.8.8.8,53,192.168.1.25,52493,UDP,2,381,25.293,
2025-12-16 01:08:38,192.168.1.25,62696,74.125.200.188,443,TCP,1,55,0.0,
2025-12-16 01:08:38,192.168.1.25,137,192.168.1.1,137,UDP,9,990,21.165,
2025-12-16 01:08:38,74.125.200.188,443,192.168.1.25,62696,TCP,1,70,0.0,
2025-12-16 01:08:38,192.168.1.25,50553,140.82.114.22,443,TCP,9,4654,1.209,
2025-12-16 01:08:39,140.82.114.22,443,192.168.1.25,50553,TCP,12,7107,1.209,
2025-12-16 01:08:43,192.168.1.25,56557,8.8.8.8,53,UDP,1,70,0.0,
2025-12-16 01:08:43,192.168.1.25,61627,8.8.8.8,53,UDP,1,70,0.0,
2025-12-16 01:08:43,8.8.8.8,53,192.168.1.25,56557,UDP,1,146,0.0,
2025-12-16 01:08:43,8.8.8.8,53,192.168.1.25,61627,UDP,1,102,0.0,
2025-12-16 01:08:43,192.168.1.25,56413,8.8.4.4,443,UDP,15,7746,0.132,
2025-12-16 01:08:43,8.8.4.4,443,192.168.1.25,56413,UDP,16,11857,0.067,
2025-12-16 01:08:43,8.8.4.4,443,192.168.1.25,64325,TCP,6,5498,0.057,
2025-12-16 01:08:43,192.168.1.25,56940,142.250.182.65,443,TCP,4,241,30.155,
2025-12-16 01:08:43,142.250.182.65,443,192.168.1.25,56940,TCP,5,302,30.143,
2025-12-16 01:08:43,192.168.1.25,64325,8.8.4.4,443,TCP,6,2226,0.123,
2025-12-16 01:08:43,192.168.1.25,65043,34.54.84.110,443,TCP,46,8270,35.344,
2025-12-16 01:08:43,34.54.84.110,443,192.168.1.25,65043,TCP,51,51381,35.123,
2025-12-16 01:08:44,52.168.117.175,443,192.168.1.25,56919,TCP,11,7562,1.001,
2025-12-16 01:08:44,192.168.1.25,56919,52.168.117.175,443,TCP,13,8135,1.257,
2025-12-16 01:08:51,192.168.1.20,5353,224.0.0.251,5353,UDP,6,1047,0.77,
2025-12-16 01:08:53,192.168.1.25,62687,34.54.84.110,443,TCP,30,3921,0.505,
2025-12-16 01:08:53,34.54.84.110,443,192.168.1.25,62687,TCP,37,63734,0.444,
2025-12-16 01:08:54,13.107.213.58,443,192.168.1.25,65039,TCP,5,333,0.015,
2025-12-16 01:08:54,192.168.1.25,65039,13.107.213.58,443,TCP,3,162,0.008,
2025-12-16 01:08:55,4.186.14.122,443,192.168.1.25,54526,TCP,1,94,0.0,
2025-12-16 01:08:55,192.168.1.25,54526,4.186.14.122,443,TCP,2,159,0.076,
2025-12-16 01:09:01,192.168.1.25,58727,8.8.8.8,53,UDP,1,76,0.0,
2025-12-16 01:09:01,192.168.1.25,58727,8.8.4.4,53,UDP,1,76,0.0,
2025-12-16 01:09:01,8.8.4.4,53,192.168.1.25,58727,UDP,1,285,0.0,
2025-12-16 01:09:01,8.8.8.8,53,192.168.1.25,58727,UDP,1,285,0.0,
2025-12-16 01:09:02,192.168.1.25,62688,150.171.22.11,443,TCP,8,3320,0.946,
2025-12-16 01:09:02,150.171.22.11,443,192.168.1.25,62688,TCP,9,13050,0.933,
2025-12-16 01:09:03,192.168.1.25,61700,4.224.95.102,443,TCP,2,166,0.077,
2025-12-16 01:09:03,4.224.95.102,443,192.168.1.25,61700,TCP,1,101,0.0,
2025-12-16 01:09:07,35.190.80.1,443,192.168.1.25,58714,TCP,4,1058,0.049,
2025-12-16 01:09:07,192.168.1.25,58714,35.190.80.1,443,TCP,5,2400,0.109,
2025-12-16 01:09:07,192.168.1.28,44927,239.255.255.250,1900,UDP,1,167,0.0,
2025-12-16 01:09:08,192.168.1.25,59688,35.190.80.1,443,UDP,14,6952,0.59,
2025-12-16 01:09:08,35.190.80.1,443,192.168.1.25,59688,UDP,13,5458,0.609,
2025-12-16 01:09:08,192.168.1.25,56731,8.8.4.4,443,UDP,11,3759,0.146,
2025-12-16 01:09:08,8.8.4.4,443,192.168.1.25,56731,UDP,15,6009,0.12,
2025-12-16 01:09:10,192.168.1.25,50948,13.89.179.10,443,TCP,1,55,0.0,
2025-12-16 01:09:10,13.89.179.10,443,192.168.1.25,50948,TCP,1,66,0.0,
2025-12-16 01:09:10,0.0.0.0,0,224.0.0.1,0,2,2,92,0.0,
2025-12-16 01:09:14,192.168.1.25,0,239.255.255.250,0,2,1,46,0.0,
2025-12-16 01:09:16,192.168.1.25,58449,23.23.231.53,443,TCP,3,163,14.751,
2025-12-16 01:09:16,23.23.231.53,443,192.168.1.25,58449,TCP,5,345,14.824,
2025-12-16 01:09:16,192.168.1.25,0,239.255.102.18,0,2,1,46,0.0,
2025-12-16 01:09:17,192.168.1.25,0,224.0.0.252,0,2,1,46,0.0,
2025-12-16 01:09:19,192.168.1.25,0,224.0.0.251,0,2,1,46,0.0,
2025-12-16 01:09:20,192.168.1.25,63122,4.213.25.240,443,TCP,1,55,0.0,
2025-12-16 01:09:20,4.213.25.240,443,192.168.1.25,63122,TCP,1,66,0.0,
2025-12-16 01:09:22,192.168.1.25,58701,44.198.7.35,443,TCP,2,109,14.989,
2025-12-16 01:09:22,192.168.1.25,50551,44.198.7.35,443,TCP,3,163,14.705,
2025-12-16 01:09:22,44.198.7.35,443,192.168.1.25,50551,TCP,5,359,14.704,
2025-12-16 01:09:22,44.198.7.35,443,192.168.1.25,58701,TCP,4,305,14.757,
2025-12-16 01:09:22,192.168.1.20,0,239.255.255.250,0,2,3,138,0.003,
2025-12-16 01:09:22,192.168.1.25,62573,64.233.170.188,443,TCP,1,55,0.0,
2025-12-16 01:09:22,192.168.1.25,51471,34.195.70.37,443,TCP,1,55,0.0,
2025-12-16 01:09:22,192.168.1.25,57878,34.195.70.37,443,TCP,1,55,0.0,
2025-12-16 01:09:22,64.233.170.188,443,192.168.1.25,62573,TCP,1,70,0.0,
2025-12-16 01:09:22,34.195.70.37,443,192.168.1.25,51471,TCP,1,66,0.0,
2025-12-16 01:09:22,34.195.70.37,443,192.168.1.25,57878,TCP,1,66,0.0,
2025-12-16 01:09:23,192.168.1.10,0,239.255.255.250,0,2,3,180,0.004,
2025-12-16 01:09:23,192.168.1.10,0,224.0.0.251,0,2,3,180,0.096,
2025-12-16 01:09:23,192.168.1.25,62696,74.125.200.188,443,TCP,1,55,0.0,
2025-12-16 01:09:23,74.125.200.188,443,192.168.1.25,62696,TCP,1,66,0.0,
2025-12-16 01:09:23,192.168.1.25,62685,172.64.155.209,443,TCP,21,9641,40.068,
2025-12-16 01:09:23,172.64.155.209,443,192.168.1.25,62685,TCP,25,5592,40.069,
2025-12-16 01:09:23,57.144.53.32,443,192.168.1.25,63473,TCP,4,279,5.013,
2025-12-16 01:09:23,192.168.1.25,63473,57.144.53.32,443,TCP,3,162,5.013,
2025-12-16 01:09:23,57.144.169.32,443,192.168.1.25,63472,TCP,3,225,5.011,
2025-12-16 01:09:23,192.168.1.25,63472,57.144.169.32,443,TCP,2,108,5.011,
2025-12-16 01:09:23,57.144.211.32,443,192.168.1.25,63475,TCP,3,225,5.001,
2025-12-16 01:09:23,192.168.1.25,63475,57.144.211.32,443,TCP,2,108,5.001,
2025-12-16 01:09:23,57.144.43.32,443,192.168.1.25,63476,TCP,3,225,5.036,
2025-12-16 01:09:23,192.168.1.25,63476,57.144.43.32,443,TCP,2,108,5.036,
2025-12-16 01:09:26,192.168.1.20,0,224.0.0.252,0,2,3,138,0.002,
2025-12-16 01:09:28,192.168.1.25,64325,8.8.4.4,443,TCP,1,55,0.0,
2025-12-16 01:09:28,8.8.4.4,443,192.168.1.25,64325,TCP,1,70,0.0,
2025-12-16 01:09:30,192.168.1.25,56919,52.168.117.175,443,TCP,1,55,0.0,
2025-12-16 01:09:30,52.168.117.175,443,192.168.1.25,56919,TCP,1,66,0.0,
2025-12-16 01:09:35,4.186.14.122,443,192.168.1.25,54526,TCP,1,94,0.0,
2025-12-16 01:09:36,192.168.1.25,54526,4.186.14.122,443,TCP,2,159,0.076,
2025-12-16 01:09:44,192.168.1.25,58715,34.54.84.110,443,TCP,42,9490,35.626,
2025-12-16 01:09:44,34.54.84.110,443,192.168.1.25,58715,TCP,52,51492,35.61,
2025-12-16 01:09:48,192.168.1.25,58717,23.60.110.42,443,TCP,13,3973,0.1,
2025-12-16 01:09:48,23.60.110.42,443,192.168.1.25,58717,TCP,13,18644,0.088,
2025-12-16 01:09:53,192.168.1.25,58718,103.102.166.224,443,TCP,8,2227,0.247,
2025-12-16 01:09:53,103.102.166.224,443,192.168.1.25,58718,TCP,8,4478,0.159,
2025-12-16 01:09:54,192.168.1.25,58720,34.54.84.110,443,TCP,25,3667,0.561,
2025-12-16 01:09:54,34.54.84.110,443,192.168.1.25,58720,TCP,30,57762,0.49,
2025-12-16 01:09:55,192.168.1.25,50948,13.89.179.10,443,TCP,1,55,0.0,
2025-12-16 01:09:55,13.89.179.10,443,192.168.1.25,50948,TCP,1,66,0.0,
2025-12-16 01:09:58,4.224.95.102,443,192.168.1.25,61700,TCP,1,101,0.0,
2025-12-16 01:09:58,192.168.1.25,61700,4.224.95.102,443,TCP,2,166,0.077,
2025-12-16 01:09:58,192.168.1.25,54644,8.8.8.8,53,UDP,4,312,10.603,
2025-12-16 01:09:58,8.8.8.8,53,192.168.1.25,54644,UDP,4,556,10.61,
2025-12-16 01:09:58,192.168.1.1,0,192.168.1.25,0,1,2,1188,10.435,
2025-12-16 01:09:58,192.168.1.25,58721,198.252.206.1,443,TCP,9,3765,0.176,
2025-12-16 01:09:58,198.252.206.1,443,192.168.1.25,58721,TCP,7,4924,0.123,
2025-12-16 01:09:58,192.168.1.25,54644,8.8.4.4,53,UDP,1,77,0.0,
2025-12-16 01:09:58,8.8.4.4,53,192.168.1.25,54644,UDP,1,93,0.0,
2025-12-16 01:09:59,192.168.1.25,58722,198.252.206.1,443,TCP,12,3030,0.789,
2025-12-16 01:09:59,198.252.206.1,443,192.168.1.25,58722,TCP,61,73685,0.783,
2025-12-16 01:10:07,192.168.1.25,62573,64.233.170.188,443,TCP,1,55,0.0,
2025-12-16 01:10:07,64.233.170.188,443,192.168.1.25,62573,TCP,1,66,0.0,
2025-12-16 01:10:07,192.168.1.25,51471,34.195.70.37,443,TCP,1,55,0.0,
2025-12-16 01:10:07,192.168.1.25,57878,34.195.70.37,443,TCP,1,55,0.0,
2025-12-16 01:10:08,192.168.1.25,52220,172.64.155.209,443,TCP,258,216901,112.219,
2025-12-16 01:10:08,172.64.155.209,443,192.168.1.25,52220,TCP,408,87308,112.275,
2025-12-16 01:10:08,192.168.1.25,58714,35.190.80.1,443,TCP,3,163,15.154,
2025-12-16 01:10:08,35.190.80.1,443,192.168.1.25,58714,TCP,2,120,15.138,
2025-12-16 01:10:08,192.168.1.25,58701,44.198.7.35,443,TCP,3,163,0.344,
2025-12-16 01:10:08,34.195.70.37,443,192.168.1.25,51471,TCP,1,66,0.0,
2025-12-16 01:10:08,34.195.70.37,443,192.168.1.25,57878,TCP,1,66,0.0,
2025-12-16 01:10:08,192.168.1.28,53639,239.255.255.250,1900,UDP,1,167,0.0,
2025-12-16 01:10:08,192.168.1.25,50950,35.190.80.1,443,TCP,5,2464,0.154,
2025-12-16 01:10:08,35.190.80.1,443,192.168.1.25,50950,TCP,4,1058,0.086,
2025-12-16 01:10:08,44.198.7.35,443,192.168.1.25,58701,TCP,2,108,0.302,
2025-12-16 01:10:08,150.171.22.11,443,192.168.1.25,62688,TCP,1,54,0.0,
2025-12-16 01:10:08,192.168.1.25,60523,35.190.80.1,443,UDP,9,4088,0.598,
2025-12-16 01:10:08,35.190.80.1,443,192.168.1.25,60523,UDP,10,4002,0.614,
2025-12-16 01:10:08,192.168.1.25,62696,74.125.200.188,443,TCP,1,55,0.0,
2025-12-16 01:10:08,74.125.200.188,443,192.168.1.25,62696,TCP,1,66,0.0,
2025-12-16 01:10:09,192.168.1.25,62685,172.64.155.209,443,TCP,1,55,0.0,
2025-12-16 01:10:09,172.64.155.209,443,192.168.1.25,62685,TCP,1,66,0.0,
2025-12-16 01:10:13,192.168.1.25,64325,8.8.4.4,443,TCP,1,55,0.0,
2025-12-16 01:10:13,8.8.4.4,443,192.168.1.25,64325,TCP,1,70,0.0,
2025-12-16 01:10:15,192.168.1.25,56919,52.168.117.175,443,TCP,1,55,0.0,
2025-12-16 01:10:15,52.168.117.175,443,192.168.1.25,56919,TCP,1,66,0.0,
2025-12-16 01:10:15,4.186.14.122,443,192.168.1.25,54526,TCP,1,94,0.0,
2025-12-16 01:10:16,192.168.1.25,54526,4.186.14.122,443,TCP,2,159,0.076,
2025-12-16 01:10:19,202.88.157.98,443,192.168.1.25,63474,TCP,3,225,5.009,
2025-12-16 01:10:19,192.168.1.25,63474,202.88.157.98,443,TCP,2,108,5.009,
2025-12-16 01:10:25,192.168.1.25,50552,52.168.112.67,443,TCP,2,108,0.221,
2025-12-16 01:10:25,52.168.112.67,443,192.168.1.25,50552,TCP,1,54,0.0,
2025-12-16 01:10:28,74.125.24.95,443,192.168.1.25,56936,TCP,22,8714,195.891,
2025-12-16 01:10:31,13.89.179.10,443,192.168.1.25,50948,TCP,1,54,0.0,
2025-12-16 01:10:38,192.168.1.25,137,192.168.1.1,137,UDP,9,990,21.128,
2025-12-16 01:10:41,192.168.1.25,50952,104.16.124.96,443,TCP,35,4015,0.766,
2025-12-16 01:10:41,104.16.124.96,443,192.168.1.25,50952,TCP,99,89797,0.758,
2025-12-16 01:10:44,192.168.1.25,50951,34.54.84.110,443,TCP,43,8745,36.038,
2025-12-16 01:10:44,34.54.84.110,443,192.168.1.25,50951,TCP,46,51124,36.027,
2025-12-16 01:10:46,192.168.1.25,61988,8.8.8.8,53,UDP,2,149,5.878,
2025-12-16 01:10:46,192.168.1.25,50969,3.217.172.174,443,TCP,1,54,0.0,
2025-12-16 01:10:46,8.8.8.8,53,192.168.1.25,61988,UDP,2,253,5.89,
2025-12-16 01:10:46,192.168.1.25,61988,8.8.4.4,53,UDP,1,71,0.0,
2025-12-16 01:10:46,8.8.4.4,53,192.168.1.25,61988,UDP,1,135,0.0,
2025-12-16 01:10:47,52.168.117.175,443,192.168.1.25,56919,TCP,1,54,0.0,
2025-12-16 01:10:51,192.168.1.25,50955,40.79.189.59,443,TCP,8,2070,1.722,
2025-12-16 01:10:51,40.79.189.59,443,192.168.1.25,50955,TCP,6,7324,1.486,
2025-12-16 01:10:52,192.168.1.25,50972,49.44.144.87,443,TCP,2,108,0.008,
2025-12-16 01:10:52,192.168.1.25,58929,8.8.8.8,53,UDP,2,166,3.053,
2025-12-16 01:10:52,8.8.8.8,53,192.168.1.25,58929,UDP,2,426,3.18,
2025-12-16 01:10:52,49.44.144.87,443,192.168.1.25,50972,TCP,2,132,0.002,
2025-12-16 01:10:52,192.168.1.25,62573,64.233.170.188,443,TCP,1,55,0.0,
2025-12-16 01:10:52,64.233.170.188,443,192.168.1.25,62573,TCP,1,70,0.0,
2025-12-16 01:10:52,192.168.1.25,58929,8.8.4.4,53,UDP,1,74,0.0,
2025-12-16 01:10:52,8.8.4.4,53,192.168.1.25,58929,UDP,1,143,0.0,
2025-12-16 01:10:53,192.168.1.20,5353,224.0.0.251,5353,UDP,6,1047,0.923,
2025-12-16 01:10:53,192.168.1.25,51471,34.195.70.37,443,TCP,1,55,0.0,
2025-12-16 01:10:53,192.168.1.25,57878,34.195.70.37,443,TCP,1,55,0.0,
2025-12-16 01:10:53,34.195.70.37,443,192.168.1.25,51471,TCP,1,66,0.0,
2025-12-16 01:10:53,34.195.70.37,443,192.168.1.25,57878,TCP,1,66,0.0,
2025-12-16 01:10:53,4.224.95.102,443,192.168.1.25,61700,TCP,1,101,0.0,
2025-12-16 01:10:53,192.168.1.25,61700,4.224.95.102,443,TCP,2,166,0.077,
2025-12-16 01:10:53,192.168.1.25,62696,74.125.200.188,443,TCP,1,55,0.0,
2025-12-16 01:10:53,74.125.200.188,443,192.168.1.25,62696,TCP,1,66,0.0,
2025-12-16 01:10:54,192.168.1.25,54426,8.8.8.8,53,UDP,1,92,0.0,
2025-12-16 01:10:54,192.168.1.25,57783,8.8.8.8,53,UDP,1,92,0.0,
2025-12-16 01:10:54,8.8.8.8,53,192.168.1.25,54426,UDP,1,259,0.0,
2025-12-16 01:10:54,8.8.8.8,53,192.168.1.25,57783,UDP,1,215,0.0,
2025-12-16 01:10:54,192.168.1.25,62685,172.64.155.209,443,TCP,1,55,0.0,
2025-12-16 01:10:54,172.64.155.209,443,192.168.1.25,62685,TCP,1,66,0.0,
2025-12-16 01:10:55,192.168.1.25,61683,34.54.84.110,443,TCP,14,2904,0.429,
2025-12-16 01:10:55,34.54.84.110,443,192.168.1.25,61683,TCP,15,5611,0.362,
2025-12-16 01:10:55,192.168.1.25,57195,13.89.179.10,443,TCP,13,15431,1.668,
2025-12-16 01:10:55,192.168.1.25,61681,13.89.179.10,443,TCP,7,3112,1.368,
2025-12-16 01:10:55,13.89.179.10,443,192.168.1.25,57195,TCP,16,7817,1.403,
2025-12-16 01:10:55,13.89.179.10,443,192.168.1.25,61681,TCP,10,7181,1.052,
2025-12-16 01:10:56,192.168.1.25,54526,4.186.14.122,443,TCP,2,159,0.108,
2025-12-16 01:10:56,4.186.14.122,443,192.168.1.25,54526,TCP,1,94,0.0,
2025-12-16 01:10:58,192.168.1.25,50973,172.217.24.164,443,TCP,2,108,0.013,
2025-12-16 01:10:58,192.168.1.25,55561,8.8.8.8,53,UDP,1,74,0.0,
2025-12-16 01:10:58,172.217.24.164,443,192.168.1.25,50973,TCP,1,54,0.0,
2025-12-16 01:10:58,8.8.8.8,53,192.168.1.25,55561,UDP,1,177,0.0,
2025-12-16 01:10:58,192.168.1.25,64325,8.8.4.4,443,TCP,1,55,0.0,
2025-12-16 01:10:58,8.8.4.4,443,192.168.1.25,64325,TCP,1,70,0.0,
2025-12-16 01:11:06,192.168.1.25,49778,8.8.8.8,53,UDP,1,98,0.0,
2025-12-16 01:11:06,192.168.1.25,49778,8.8.4.4,53,UDP,1,98,0.0,
2025-12-16 01:11:06,8.8.8.8,53,192.168.1.25,49778,UDP,1,212,0.0,
2025-12-16 01:11:06,8.8.4.4,53,192.168.1.25,49778,UDP,1,212,0.0,
2025-12-16 01:11:08,192.168.1.28,33823,239.255.255.250,1900,UDP,1,167,0.0,
2025-12-16 01:11:08,192.168.1.25,52220,172.64.155.209,443,TCP,7,7660,15.305,
2025-12-16 01:11:08,172.64.155.209,443,192.168.1.25,52220,TCP,14,1314,15.31,
2025-12-16 01:11:08,192.168.1.25,50950,35.190.80.1,443,TCP,3,163,15.332,
2025-12-16 01:11:08,35.190.80.1,443,192.168.1.25,50950,TCP,2,120,15.316,
2025-12-16 01:11:08,192.168.1.25,61685,140.82.112.21,443,TCP,9,4785,1.348,
2025-12-16 01:11:08,35.190.80.1,443,192.168.1.25,49671,TCP,4,1058,0.051,
2025-12-16 01:11:08,192.168.1.25,49671,35.190.80.1,443,TCP,5,2368,0.125,
2025-12-16 01:11:08,140.82.112.21,443,192.168.1.25,61685,TCP,14,7215,1.22,
2025-12-16 01:11:08,192.168.1.25,50975,35.190.80.1,443,UDP,12,5520,0.635,
2025-12-16 01:11:08,35.190.80.1,443,192.168.1.25,50975,UDP,11,4025,0.641,
2025-12-16 01:11:13,192.168.1.25,56934,74.125.24.95,443,TCP,26,3524,240.273,
2025-12-16 01:11:13,192.168.1.25,56935,74.125.24.95,443,TCP,25,3470,240.273,
2025-12-16 01:11:13,192.168.1.25,56936,74.125.24.95,443,TCP,26,3548,240.538,
2025-12-16 01:11:13,74.125.24.95,443,192.168.1.25,56934,TCP,27,8987,240.292,
2025-12-16 01:11:13,74.125.24.95,443,192.168.1.25,56935,TCP,27,8942,240.287,
2025-12-16 01:11:13,192.168.1.25,56937,64.233.170.81,443,TCP,26,3585,240.226,
2025-12-16 01:11:13,192.168.1.25,56939,142.250.205.42,443,TCP,25,3411,240.155,
2025-12-16 01:11:13,142.250.205.42,443,192.168.1.25,56939,TCP,25,6736,240.166,
2025-12-16 01:11:13,64.233.170.81,443,192.168.1.25,56937,TCP,27,12690,240.226,
2025-12-16 01:11:13,74.125.24.95,443,192.168.1.25,56936,TCP,3,178,14.569,
2025-12-16 01:11:13,4.213.25.242,443,192.168.1.25,61708,TCP,1,228,0.0,
2025-12-16 01:11:13,192.168.1.25,61708,4.213.25.242,443,TCP,2,151,0.062,
2025-12-16 01:11:14,192.168.1.25,56938,64.233.170.81,443,TCP,26,3623,240.961,
2025-12-16 01:11:14,64.233.170.81,443,192.168.1.25,56938,TCP,28,14438,240.969,
2025-12-16 01:11:15,192.168.1.1,0,192.168.1.25,0,1,3,1782,17.326,
2025-12-16 01:11:15,192.168.1.25,50974,20.207.73.82,443,TCP,1,54,0.0,
2025-12-16 01:11:15,192.168.1.25,60948,8.8.8.8,53,UDP,1,73,0.0,
2025-12-16 01:11:15,8.8.8.8,53,192.168.1.25,60948,UDP,1,207,0.0,
2025-12-16 01:11:16,0.0.0.0,0,224.0.0.1,0,2,3,138,0.005,
2025-12-16 01:11:17,192.168.1.25,51193,54.166.26.211,443,TCP,14,7457,1.726,
2025-12-16 01:11:17,192.168.1.25,0,239.255.102.18,0,2,1,46,0.0,
2025-12-16 01:11:17,54.166.26.211,443,192.168.1.25,51193,TCP,13,5754,1.682,
2025-12-16 01:11:18,192.168.1.25,54848,8.8.4.4,443,UDP,26,8406,10.291,
2025-12-16 01:11:18,8.8.4.4,443,192.168.1.25,54848,UDP,34,12787,10.289,
2025-12-16 01:11:18,192.168.1.25,55542,74.125.24.84,443,UDP,16,8244,0.258,
2025-12-16 01:11:18,74.125.24.84,443,192.168.1.25,55542,UDP,16,8123,0.247,
2025-12-16 01:11:20,192.168.1.25,56941,90.130.70.73,80,TCP,8004,433620,246.118,
2025-12-16 01:11:20,90.130.70.73,80,192.168.1.25,56941,TCP,12580,63666161,245.919,
2025-12-16 01:11:20,192.168.1.25,50954,3.217.172.174,443,TCP,13,2956,34.139,
2025-12-16 01:11:20,3.217.172.174,443,192.168.1.25,50954,TCP,11,6048,33.899,
2025-12-16 01:11:20,192.168.1.25,50956,18.161.209.56,443,TCP,10,2341,27.805,
2025-12-16 01:11:20,18.161.209.56,443,192.168.1.25,50956,TCP,13,9034,27.797,
2025-12-16 01:11:20,192.168.1.25,61684,151.101.129.140,443,TCP,24,4545,21.769,
2025-12-16 01:11:20,151.101.129.140,443,192.168.1.25,61684,TCP,74,106856,21.755,
2025-12-16 01:11:20,192.168.1.25,49677,23.41.121.37,443,TCP,21,4397,5.25,
2025-12-16 01:11:20,23.41.121.37,443,192.168.1.25,49677,TCP,24,51073,5.238,
2025-12-16 01:11:20,192.168.1.25,0,224.0.0.252,0,2,1,46,0.0,
2025-12-16 01:11:20,192.168.1.25,50975,20.207.73.82,443,TCP,1,54,0.0,
2025-12-16 01:11:20,192.168.1.25,58717,23.60.110.42,443,TCP,2,108,0.025,
2025-12-16 01:11:20,192.168.1.25,58718,103.102.166.224,443,TCP,2,108,0.05,
2025-12-16 01:11:20,192.168.1.25,58721,198.252.206.1,443,TCP,2,108,0.013,
2025-12-16 01:11:20,192.168.1.25,58722,198.252.206.1,443,TCP,2,108,0.009,
2025-12-16 01:11:20,23.60.110.42,443,192.168.1.25,58717,TCP,2,132,0.0,
2025-12-16 01:11:20,198.252.206.1,443,192.168.1.25,58721,TCP,1,54,0.0,
2025-12-16 01:11:20,198.252.206.1,443,192.168.1.25,58722,TCP,1,54,0.0,
2025-12-16 01:11:20,192.168.1.25,50952,104.16.124.96,443,TCP,2,108,0.005,
2025-12-16 01:11:20,104.16.124.96,443,192.168.1.25,50952,TCP,1,54,0.0,
2025-12-16 01:11:20,103.102.166.224,443,192.168.1.25,58718,TCP,2,132,0.0,
2025-12-16 01:11:23,192.168.1.25,0,239.255.255.250,0,2,1,46,0.0,
2025-12-16 01:11:24,192.168.1.20,138,192.168.1.255,138,UDP,1,243,0.0,
2025-12-16 01:11:25,192.168.1.25,0,224.0.0.251,0,2,1,46,0.0,
2025-12-16 01:11:34,192.168.1.20,0,224.0.0.252,0,2,3,138,0.003,
2025-12-16 01:11:35,4.186.14.122,443,192.168.1.25,54526,TCP,1,94,0.0,
2025-12-16 01:11:35,192.168.1.25,54526,4.186.14.122,443,TCP,2,159,0.082,
2025-12-16 01:11:37,192.168.1.25,62573,64.233.170.188,443,TCP,1,55,0.0,
2025-12-16 01:11:37,192.168.1.25,60912,8.8.8.8,53,UDP,1,81,0.0,
2025-12-16 01:11:37,8.8.8.8,53,192.168.1.25,60912,UDP,1,97,0.0,
2025-12-16 01:11:37,64.233.170.188,443,192.168.1.25,62573,TCP,1,66,0.0,
2025-12-16 01:11:37,192.168.1.25,51471,34.195.70.37,443,TCP,1,55,0.0,
2025-12-16 01:11:37,192.168.1.25,57878,34.195.70.37,443,TCP,1,55,0.0,
2025-12-16 01:11:38,34.195.70.37,443,192.168.1.25,51471,TCP,1,66,0.0,
2025-12-16 01:11:38,34.195.70.37,443,192.168.1.25,57878,TCP,1,66,0.0,
2025-12-16 01:11:38,192.168.1.25,62696,74.125.200.188,443,TCP,1,55,0.0,
2025-12-16 01:11:38,74.125.200.188,443,192.168.1.25,62696,TCP,1,70,0.0,
2025-12-16 01:11:39,192.168.1.25,62685,172.64.155.209,443,TCP,1,55,0.0,
2025-12-16 01:11:39,172.64.155.209,443,192.168.1.25,62685,TCP,1,66,0.0,
2025-12-16 01:11:40,192.168.1.25,61681,13.89.179.10,443,TCP,1,55,0.0,
2025-12-16 01:11:40,192.168.1.25,57195,13.89.179.10,443,TCP,1,55,0.0,
2025-12-16 01:11:40,13.89.179.10,443,192.168.1.25,57195,TCP,1,66,0.0,
2025-12-16 01:11:40,13.89.179.10,443,192.168.1.25,61681,TCP,1,66,0.0,
2025-12-16 01:11:44,192.168.1.25,64325,8.8.4.4,443,TCP,1,55,0.0,
2025-12-16 01:11:44,8.8.4.4,443,192.168.1.25,64325,TCP,1,66,0.0,
2025-12-16 01:11:45,192.168.1.25,49672,34.54.84.110,443,TCP,38,8983,36.313,
2025-12-16 01:11:45,34.54.84.110,443,192.168.1.25,49672,TCP,41,36452,36.303,
2025-12-16 01:11:48,192.168.1.25,61700,4.224.95.102,443,TCP,2,166,0.076,
2025-12-16 01:11:48,4.224.95.102,443,192.168.1.25,61700,TCP,1,101,0.0,
2025-12-16 01:11:53,192.168.1.25,52220,172.64.155.209,443,TCP,1,55,0.0,
2025-12-16 01:11:53,192.168.1.25,49671,35.190.80.1,443,TCP,1,55,0.0,
2025-12-16 01:11:53,172.64.155.209,443,192.168.1.25,52220,TCP,1,66,0.0,
2025-12-16 01:11:53,35.190.80.1,443,192.168.1.25,49671,TCP,1,66,0.0,
2025-12-16 01:11:55,192.168.1.25,51202,34.54.84.110,443,TCP,13,2850,0.766,
2025-12-16 01:11:55,34.54.84.110,443,192.168.1.25,51202,TCP,16,5669,0.752,
2025-12-16 01:12:03,192.168.1.25,50068,8.8.8.8,53,UDP,1,93,0.0,
2025-12-16 01:12:03,192.168.1.25,61693,8.8.8.8,53,UDP,1,93,0.0,
2025-12-16 01:12:03,8.8.8.8,53,192.168.1.25,61693,UDP,1,262,0.0,
2025-12-16 01:12:03,8.8.8.8,53,192.168.1.25,50068,UDP,1,214,0.0,
2025-12-16 01:12:08,192.168.1.28,51764,239.255.255.250,1900,UDP,1,167,0.0,
2025-12-16 01:12:08,192.168.1.25,51209,34.54.84.110,443,TCP,8,2062,0.137,
2025-12-16 01:12:08,34.54.84.110,443,192.168.1.25,51209,TCP,8,5023,0.053,
2025-12-16 01:12:15,192.168.1.25,62687,8.8.8.8,53,UDP,4,343,35.864,
2025-12-16 01:12:15,8.8.8.8,53,192.168.1.25,62687,UDP,4,724,35.868,
2025-12-16 01:12:15,192.168.1.25,51223,142.251.222.193,443,TCP,11,2489,0.079,
2025-12-16 01:12:15,142.251.222.193,443,192.168.1.25,51223,TCP,11,11590,0.082,
2025-12-16 01:12:15,4.186.14.122,443,192.168.1.25,54526,TCP,1,94,0.0,
2025-12-16 01:12:16,192.168.1.25,51206,20.189.173.9,443,TCP,18,20963,12.438,
2025-12-16 01:12:16,192.168.1.25,54526,4.186.14.122,443,TCP,2,159,0.076,
2025-12-16 01:12:16,20.189.173.9,443,192.168.1.25,51206,TCP,24,8587,12.492,
2025-12-16 01:12:17,192.168.1.25,51193,54.166.26.211,443,TCP,3,163,14.769,
2025-12-16 01:12:17,54.166.26.211,443,192.168.1.25,51193,TCP,5,345,14.722,
2025-12-16 01:12:22,192.168.1.25,62573,64.233.170.188,443,TCP,1,55,0.0,
2025-12-16 01:12:22,64.233.170.188,443,192.168.1.25,62573,TCP,1,70,0.0,
2025-12-16 01:12:23,192.168.1.25,51471,34.195.70.37,443,TCP,1,55,0.0,
2025-12-16 01:12:23,192.168.1.25,57878,34.195.70.37,443,TCP,1,55,0.0,
2025-12-16 01:12:23,34.195.70.37,443,192.168.1.25,51471,TCP,1,66,0.0,
2025-12-16 01:12:23,34.195.70.37,443,192.168.1.25,57878,TCP,1,66,0.0,
2025-12-16 01:12:23,192.168.1.25,62696,74.125.200.188,443,TCP,1,55,0.0,
2025-12-16 01:12:23,74.125.200.188,443,192.168.1.25,62696,TCP,1,66,0.0,
2025-12-16 01:12:24,192.168.1.25,55984,8.8.8.8,53,UDP,1,79,0.0,
2025-12-16 01:12:24,192.168.1.25,62388,8.8.8.8,53,UDP,1,79,0.0,
2025-12-16 01:12:24,8.8.8.8,53,192.168.1.25,62388,UDP,1,248,0.0,
2025-12-16 01:12:24,192.168.1.25,61681,13.89.179.10,443,TCP,1,54,0.0,
2025-12-16 01:12:24,8.8.8.8,53,192.168.1.25,55984,UDP,1,262,0.0,
2025-12-16 01:12:25,192.168.1.25,57221,13.107.213.68,443,TCP,26,4892,0.099,
2025-12-16 01:12:25,13.107.213.68,443,192.168.1.25,57221,TCP,30,73410,0.08,
2025-12-16 01:12:25,13.89.179.10,443,192.168.1.25,61681,TCP,1,54,0.0,
2025-12-16 01:12:25,192.168.1.25,57195,13.89.179.10,443,TCP,1,55,0.0,
2025-12-16 01:12:26,13.89.179.10,443,192.168.1.25,57195,TCP,1,66,0.0,
2025-12-16 01:12:38,192.168.1.25,137,192.168.1.1,137,UDP,9,990,21.108,
2025-12-16 01:12:39,40.79.189.59,443,192.168.1.25,50955,TCP,1,54,0.0,
2025-12-16 01:12:39,192.168.1.25,50955,40.79.189.59,443,TCP,2,108,0.236,
2025-12-16 01:12:42,192.168.1.25,56085,8.8.8.8,53,UDP,1,70,0.0,
2025-12-16 01:12:42,192.168.1.25,60638,8.8.8.8,53,UDP,1,70,0.0,
2025-12-16 01:12:42,8.8.8.8,53,192.168.1.25,60638,UDP,1,102,0.0,
2025-12-16 01:12:42,8.8.8.8,53,192.168.1.25,56085,UDP,1,146,0.0,
2025-12-16 01:12:42,192.168.1.25,50487,172.253.118.84,443,UDP,9,6439,0.111,
2025-12-16 01:12:42,172.253.118.84,443,192.168.1.25,50487,UDP,14,6485,0.134,
2025-12-16 01:12:43,192.168.1.25,49671,35.190.80.1,443,TCP,3,163,4.361,
2025-12-16 01:12:43,35.190.80.1,443,192.168.1.25,49671,TCP,2,120,4.282,
2025-12-16 01:12:43,192.168.1.25,55871,35.190.80.1,443,TCP,5,2432,0.121,
2025-12-16 01:12:43,35.190.80.1,443,192.168.1.25,55871,TCP,5,1132,0.054,
2025-12-16 01:12:43,4.224.95.102,443,192.168.1.25,61700,TCP,1,101,0.0,
2025-12-16 01:12:43,192.168.1.25,59481,35.190.80.1,443,UDP,10,5243,0.664,
2025-12-16 01:12:43,35.190.80.1,443,192.168.1.25,59481,UDP,11,4180,0.676,
2025-12-16 01:12:43,192.168.1.25,61700,4.224.95.102,443,TCP,2,166,0.077,
2025-12-16 01:12:45,192.168.1.25,51208,34.54.84.110,443,TCP,44,13912,36.596,
2025-12-16 01:12:45,34.54.84.110,443,192.168.1.25,51208,TCP,53,36897,36.505,
2025-12-16 01:12:45,192.168.1.25,51223,142.251.222.193,443,TCP,1,55,0.0,
2025-12-16 01:12:45,142.251.222.193,443,192.168.1.25,51223,TCP,1,66,0.0,
2025-12-16 01:12:48,192.168.1.25,64325,8.8.4.4,443,TCP,3,163,19.94,
2025-12-16 01:12:48,8.8.4.4,443,192.168.1.25,64325,TCP,4,373,19.926,
2025-12-16 01:12:48,192.168.1.25,58531,3.233.252.78,443,TCP,9,5568,0.724,
2025-12-16 01:12:49,192.168.1.25,51853,52.203.62.136,443,TCP,8,4461,0.788,
2025-12-16 01:12:49,3.233.252.78,443,192.168.1.25,58531,TCP,9,956,0.758,
2025-12-16 01:12:49,52.203.62.136,443,192.168.1.25,51853,TCP,9,1532,0.891,
2025-12-16 01:12:49,192.168.1.25,52512,3.228.134.133,443,TCP,5,2244,0.566,
2025-12-16 01:12:49,3.228.134.133,443,192.168.1.25,52512,TCP,7,4651,0.334,
2025-12-16 01:12:51,192.168.1.1,0,192.168.1.25,0,1,3,1782,2.582,
2025-12-16 01:12:51,192.168.1.25,50240,3.228.134.133,443,TCP,20,8788,3.228,
2025-12-16 01:12:51,3.228.134.133,443,192.168.1.25,50240,TCP,19,6879,2.951,
2025-12-16 01:12:52,192.168.1.25,59867,44.198.96.116,443,TCP,13,5347,1.165,
2025-12-16 01:12:52,44.198.96.116,443,192.168.1.25,59867,TCP,12,6284,1.284,
2025-12-16 01:12:53,192.168.1.20,5353,224.0.0.251,5353,UDP,6,1047,0.772,
2025-12-16 01:12:55,192.168.1.25,59869,34.54.84.110,443,TCP,13,2850,0.325,
2025-12-16 01:12:55,34.54.84.110,443,192.168.1.25,59869,TCP,13,5503,0.311,
2025-12-16 01:12:56,192.168.1.25,54526,4.186.14.122,443,TCP,2,159,0.075,
2025-12-16 01:12:56,4.186.14.122,443,192.168.1.25,54526,TCP,1,94,0.0,
2025-12-16 01:13:01,192.168.1.25,51206,20.189.173.9,443,TCP,1,55,0.0,
2025-12-16 01:13:01,13.89.179.10,443,192.168.1.25,57195,TCP,1,54,0.0,
2025-12-16 01:13:01,20.189.173.9,443,192.168.1.25,51206,TCP,1,66,0.0,
2025-12-16 01:13:04,104.18.36.169,443,192.168.1.25,60652,UDP,20,8424,15.78,
2025-12-16 01:13:04,192.168.1.25,60652,104.18.36.169,443,UDP,23,18876,15.815,
2025-12-16 01:13:07,192.168.1.25,62573,64.233.170.188,443,TCP,1,55,0.0,
2025-12-16 01:13:07,64.233.170.188,443,192.168.1.25,62573,TCP,1,66,0.0,
2025-12-16 01:13:08,192.168.1.28,48205,239.255.255.250,1900,UDP,1,167,0.0,
2025-12-16 01:13:08,192.168.1.25,59871,34.54.84.110,443,TCP,8,2062,0.071,
2025-12-16 01:13:08,34.54.84.110,443,192.168.1.25,59871,TCP,6,4915,0.051,
2025-12-16 01:13:08,192.168.1.25,62696,74.125.200.188,443,TCP,1,55,0.0,
2025-12-16 01:13:08,74.125.200.188,443,192.168.1.25,62696,TCP,1,70,0.0,
2025-12-16 01:13:10,192.168.1.25,57221,13.107.213.68,443,TCP,1,55,0.0,
2025-12-16 01:13:10,13.107.213.68,443,192.168.1.25,57221,TCP,1,66,0.0,
2025-12-16 01:13:12,192.168.1.25,59555,8.8.4.4,443,UDP,49,10710,30.475,
2025-12-16 01:13:12,8.8.4.4,443,192.168.1.25,59555,UDP,57,16749,30.474,
2025-12-16 01:13:12,192.168.1.25,60168,18.161.216.123,443,TCP,10,5295,0.024,
2025-12-16 01:13:12,18.161.216.123,443,192.168.1.25,60168,TCP,10,2491,0.073,
2025-12-16 01:13:21,0.0.0.0,0,224.0.0.1,0,2,3,138,0.004,
2025-12-16 01:13:22,192.168.1.25,0,224.0.0.252,0,2,1,46,0.0,
2025-12-16 01:13:22,192.168.1.25,0,239.255.255.250,0,2,1,46,0.0,
2025-12-16 01:13:22,192.168.1.25,0,239.255.102.18,0,2,1,46,0.0,
2025-12-16 01:13:25,192.168.1.25,60169,216.239.34.223,443,TCP,10,42646,4.454,
2025-12-16 01:13:25,216.239.34.223,443,192.168.1.25,60169,TCP,16,6729,4.422,
2025-12-16 01:13:25,192.168.1.25,63122,4.213.25.240,443,TCP,1,55,0.0,
2025-12-16 01:13:25,4.213.25.240,443,192.168.1.25,63122,TCP,1,66,0.0,
2025-12-16 01:13:29,192.168.1.25,65106,34.202.226.183,443,TCP,91,14853,40.93,
2025-12-16 01:13:29,34.202.226.183,443,192.168.1.25,65106,TCP,156,40518,40.636,
2025-12-16 01:13:29,192.168.1.25,0,224.0.0.251,0,2,1,46,0.0,
2025-12-16 01:13:34,192.168.1.25,64325,8.8.4.4,443,TCP,1,55,0.0,
2025-12-16 01:13:34,8.8.4.4,443,192.168.1.25,64325,TCP,1,54,0.0,
2025-12-16 01:13:34,192.168.1.10,0,224.0.0.251,0,2,3,180,0.003,
2025-12-16 01:13:34,192.168.1.25,62685,172.64.155.209,443,TCP,21,11009,70.129,
2025-12-16 01:13:35,172.64.155.209,443,192.168.1.25,62685,TCP,32,4684,70.146,
2025-12-16 01:13:37,192.168.1.25,51471,34.195.70.37,443,TCP,4,270,28.64,
2025-12-16 01:13:37,192.168.1.25,57878,34.195.70.37,443,TCP,4,270,28.638,
2025-12-16 01:13:37,192.168.1.25,58531,3.233.252.78,443,TCP,13,5778,7.439,
2025-12-16 01:13:37,3.233.252.78,443,192.168.1.25,58531,TCP,16,1591,7.424,
2025-12-16 01:13:37,192.168.1.25,54526,4.186.14.122,443,TCP,2,159,0.28,
2025-12-16 01:13:37,4.186.14.122,443,192.168.1.25,54526,TCP,1,94,0.0,
2025-12-16 01:13:37,192.168.1.25,52955,8.8.8.8,53,UDP,1,93,0.0,
2025-12-16 01:13:37,192.168.1.25,60168,8.8.8.8,53,UDP,1,93,0.0,
2025-12-16 01:13:37,8.8.8.8,53,192.168.1.25,60168,UDP,1,263,0.0,
2025-12-16 01:13:37,8.8.8.8,53,192.168.1.25,52955,UDP,1,218,0.0,
2025-12-16 01:13:37,192.168.1.20,0,224.0.0.252,0,2,3,138,0.002,
2025-12-16 01:13:37,34.195.70.37,443,192.168.1.25,51471,TCP,7,463,28.641,
2025-12-16 01:13:37,34.195.70.37,443,192.168.1.25,57878,TCP,6,409,28.635,
2025-12-16 01:13:38,4.224.95.102,443,192.168.1.25,61700,TCP,1,101,0.0,
2025-12-16 01:13:38,192.168.1.25,61700,4.224.95.102,443,TCP,2,166,0.078,
2025-12-16 01:13:39,192.168.1.20,0,239.255.255.250,0,2,3,138,0.099,
2025-12-16 01:13:42,192.168.1.25,59129,8.8.8.8,53,UDP,2,182,0.196,
2025-12-16 01:13:42,8.8.8.8,53,192.168.1.25,59129,UDP,2,214,0.203,
2025-12-16 01:13:42,192.168.1.25,59129,8.8.4.4,53,UDP,1,101,0.0,
2025-12-16 01:13:42,8.8.4.4,53,192.168.1.25,59129,UDP,1,117,0.0,
2025-12-16 01:13:43,192.168.1.25,55871,35.190.80.1,443,TCP,4,340,14.99,
2025-12-16 01:13:43,35.190.80.1,443,192.168.1.25,55871,TCP,4,275,14.869,
2025-12-16 01:13:43,192.168.1.25,64976,35.190.80.1,443,UDP,16,6831,0.876,
2025-12-16 01:13:43,35.190.80.1,443,192.168.1.25,64976,UDP,17,4497,0.872,
2025-12-16 01:13:44,192.168.1.25,51206,20.189.173.9,443,TCP,8,11066,7.666,
2025-12-16 01:13:44,20.189.173.9,443,192.168.1.25,51206,TCP,11,895,7.765,
2025-12-16 01:13:45,192.168.1.25,59870,34.54.84.110,443,TCP,43,13473,36.844,
2025-12-16 01:13:45,34.54.84.110,443,192.168.1.25,59870,TCP,53,51279,36.823,
2025-12-16 01:13:45,192.168.1.25,51223,142.251.222.193,443,TCP,4,241,29.974,
2025-12-16 01:13:45,142.251.222.193,443,192.168.1.25,51223,TCP,3,174,29.959,
2025-12-16 01:13:49,192.168.1.25,51853,52.203.62.136,443,TCP,3,163,14.902,
2025-12-16 01:13:49,52.203.62.136,443,192.168.1.25,51853,TCP,5,359,14.991,
2025-12-16 01:13:51,192.168.1.25,50240,3.228.134.133,443,TCP,3,163,15.005,
2025-12-16 01:13:51,3.228.134.133,443,192.168.1.25,50240,TCP,5,359,14.966,
2025-12-16 01:13:52,192.168.1.25,59867,44.198.96.116,443,TCP,3,163,14.866,
2025-12-16 01:13:52,44.198.96.116,443,192.168.1.25,59867,TCP,5,345,14.83,
2025-12-16 01:13:52,192.168.1.25,62573,64.233.170.188,443,TCP,1,55,0.0,
2025-12-16 01:13:52,64.233.170.188,443,192.168.1.25,62573,TCP,1,70,0.0,
2025-12-16 01:13:53,192.168.1.25,62696,74.125.200.188,443,TCP,1,55,0.0,
2025-12-16 01:13:53,74.125.200.188,443,192.168.1.25,62696,TCP,1,70,0.0,
2025-12-16 01:13:55,192.168.1.25,57221,13.107.213.68,443,TCP,3,163,0.08,
2025-12-16 01:13:55,13.107.213.68,443,192.168.1.25,57221,TCP,6,399,0.015,
2025-12-16 01:13:56,192.168.1.25,60176,34.54.84.110,443,TCP,12,2772,0.522,
2025-12-16 01:13:56,34.54.84.110,443,192.168.1.25,60176,TCP,11,5439,0.431,
2025-12-16 01:13:57,192.168.1.25,60168,18.161.216.123,443,TCP,1,55,0.0,
2025-12-16 01:13:57,18.161.216.123,443,192.168.1.25,60168,TCP,1,66,0.0,
2025-12-16 01:14:07,192.168.1.28,53282,239.255.255.250,1900,UDP,1,167,0.0,
2025-12-16 01:14:08,192.168.1.25,60182,34.54.84.110,443,TCP,9,2116,0.061,
2025-12-16 01:14:08,34.54.84.110,443,192.168.1.25,60182,TCP,7,4969,0.047,
2025-12-16 01:14:13,192.168.1.25,61708,4.213.25.242,443,TCP,2,151,0.074,
2025-12-16 01:14:13,4.213.25.242,443,192.168.1.25,61708,TCP,1,228,0.0,
2025-12-16 01:14:14,192.168.1.25,65106,34.202.226.183,443,TCP,1,55,0.0,
2025-12-16 01:14:14,34.202.226.183,443,192.168.1.25,65106,TCP,1,66,0.0,
2025-12-16 01:14:15,192.168.1.25,62720,8.8.4.4,443,UDP,16,5669,25.093,
2025-12-16 01:14:15,8.8.4.4,443,192.168.1.25,62720,UDP,21,7363,25.072,
2025-12-16 01:14:15,192.168.1.1,0,192.168.1.25,0,1,1,594,0.0,
2025-12-16 01:14:15,192.168.1.25,54526,4.186.14.122,443,TCP,2,159,0.077,
2025-12-16 01:14:15,4.186.14.122,443,192.168.1.25,54526,TCP,1,94,0.0,
2025-12-16 01:14:16,54.175.200.94,443,192.168.1.25,57663,TCP,13,5720,1.295,
2025-12-16 01:14:17,192.168.1.25,52220,172.64.155.209,443,TCP,207,426302,98.865,
2025-12-16 01:14:17,172.64.155.209,443,192.168.1.25,52220,TCP,492,118420,98.837,
2025-12-16 01:14:17,192.168.1.25,57663,54.175.200.94,443,TCP,13,10168,1.581,
2025-12-16 01:14:17,192.168.1.25,65492,8.8.8.8,53,UDP,1,92,0.0,
2025-12-16 01:14:17,8.8.8.8,53,192.168.1.25,65492,UDP,1,212,0.0,
2025-12-16 01:14:19,192.168.1.25,62685,172.64.155.209,443,TCP,1,55,0.0,
2025-12-16 01:14:19,172.64.155.209,443,192.168.1.25,62685,TCP,1,66,0.0,
2025-12-16 01:14:20,192.168.1.25,57664,20.42.73.30,443,TCP,10,5226,1.591,
2025-12-16 01:14:20,20.42.73.30,443,192.168.1.25,57664,TCP,8,5601,1.483,
2025-12-16 01:14:33,192.168.1.25,61700,4.224.95.102,443,TCP,2,166,0.108,
2025-12-16 01:14:33,4.224.95.102,443,192.168.1.25,61700,TCP,1,101,0.0,
2025-12-16 01:14:36,192.168.1.25,58531,3.233.252.78,443,TCP,3,163,14.717,
2025-12-16 01:14:37,3.233.252.78,443,192.168.1.25,58531,TCP,5,359,14.672,
2025-12-16 01:14:37,192.168.1.25,62573,64.233.170.188,443,TCP,1,55,0.0,
2025-12-16 01:14:37,64.233.170.188,443,192.168.1.25,62573,TCP,1,70,0.0,
2025-12-16 01:14:38,192.168.1.25,137,192.168.1.1,137,UDP,9,990,21.15,
2025-12-16 01:14:38,192.168.1.25,62696,74.125.200.188,443,TCP,1,55,0.0,
2025-12-16 01:14:38,74.125.200.188,443,192.168.1.25,62696,TCP,1,66,0.0,
2025-12-16 01:14:39,192.168.1.25,58156,8.8.8.8,53,UDP,1,93,0.0,
2025-12-16 01:14:39,192.168.1.25,49783,8.8.8.8,53,UDP,1,93,0.0,
2025-12-16 01:14:39,8.8.8.8,53,192.168.1.25,58156,UDP,1,218,0.0,
2025-12-16 01:14:39,8.8.8.8,53,192.168.1.25,49783,UDP,1,262,0.0,
2025-12-16 01:14:39,192.168.1.25,51206,20.189.173.9,443,TCP,12,23373,15.659,
2025-12-16 01:14:39,20.189.173.9,443,192.168.1.25,51206,TCP,17,1350,15.721,
2025-12-16 01:14:42,192.168.1.25,60168,18.161.216.123,443,TCP,1,55,0.0,
2025-12-16 01:14:42,18.161.216.123,443,192.168.1.25,60168,TCP,1,66,0.0,
2025-12-16 01:14:43,192.168.1.25,55871,35.190.80.1,443,TCP,6,839,15.232,
2025-12-16 01:14:43,35.190.80.1,443,192.168.1.25,55871,TCP,6,635,15.232,
2025-12-16 01:14:43,192.168.1.25,61946,35.190.80.1,443,UDP,9,4942,0.605,
2025-12-16 01:14:43,35.190.80.1,443,192.168.1.25,61946,UDP,10,4024,0.617,
2025-12-16 01:14:43,192.168.1.25,65159,8.8.8.8,53,UDP,1,70,0.0,
2025-12-16 01:14:43,192.168.1.25,50060,8.8.8.8,53,UDP,1,70,0.0,
2025-12-16 01:14:43,8.8.8.8,53,192.168.1.25,65159,UDP,1,146,0.0,
2025-12-16 01:14:43,8.8.8.8,53,192.168.1.25,50060,UDP,1,102,0.0,
2025-12-16 01:14:43,192.168.1.25,54309,8.8.8.8,443,UDP,12,6349,0.064,
2025-12-16 01:14:43,8.8.8.8,443,192.168.1.25,54309,UDP,12,7245,0.05,
2025-12-16 01:14:44,192.168.1.25,56418,13.89.179.11,443,TCP,12,8278,1.207,
2025-12-16 01:14:44,13.89.179.11,443,192.168.1.25,56418,TCP,13,7670,0.982,
2025-12-16 01:14:45,192.168.1.25,60181,34.54.84.110,443,TCP,42,16931,37.147,
2025-12-16 01:14:45,34.54.84.110,443,192.168.1.25,60181,TCP,42,50779,37.125,
2025-12-16 01:14:52,192.168.1.25,65492,8.8.8.8,53,UDP,1,101,0.0,
2025-12-16 01:14:52,192.168.1.25,65492,8.8.4.4,53,UDP,1,101,0.0,
2025-12-16 01:14:52,8.8.8.8,53,192.168.1.25,65492,UDP,1,117,0.0,
2025-12-16 01:14:52,8.8.4.4,53,192.168.1.25,65492,UDP,1,117,0.0,
2025-12-16 01:14:54,192.168.1.20,5353,224.0.0.251,5353,UDP,6,1047,0.859,
2025-12-16 01:14:56,192.168.1.25,54526,4.186.14.122,443,TCP,2,159,0.077,
2025-12-16 01:14:56,4.186.14.122,443,192.168.1.25,54526,TCP,1,94,0.0,
2025-12-16 01:14:56,192.168.1.25,56425,34.54.84.110,443,TCP,13,2850,0.46,
2025-12-16 01:14:56,34.54.84.110,443,192.168.1.25,56425,TCP,13,5555,0.422,
2025-12-16 01:14:59,192.168.1.25,65106,34.202.226.183,443,TCP,1,55,0.0,
2025-12-16 01:14:59,34.202.226.183,443,192.168.1.25,65106,TCP,1,66,0.0,
2025-12-16 01:15:02,192.168.1.25,52220,172.64.155.209,443,TCP,1,55,0.0,
2025-12-16 01:15:02,172.64.155.209,443,192.168.1.25,52220,TCP,1,66,0.0,
2025-12-16 01:15:04,192.168.1.25,62685,172.64.155.209,443,TCP,1,55,0.0,
2025-12-16 01:15:04,172.64.155.209,443,192.168.1.25,62685,TCP,1,66,0.0,
2025-12-16 01:15:07,192.168.1.28,34230,239.255.255.250,1900,UDP,1,167,0.0,
2025-12-16 01:15:08,192.168.1.25,56427,34.54.84.110,443,TCP,8,2062,0.069,
2025-12-16 01:15:08,34.54.84.110,443,192.168.1.25,56427,TCP,9,5101,0.055,
2025-12-16 01:15:17,192.168.1.25,57663,54.175.200.94,443,TCP,3,163,15.057,
2025-12-16 01:15:18,54.175.200.94,443,192.168.1.25,57663,TCP,5,345,15.063,
2025-12-16 01:15:22,192.168.1.25,62573,64.233.170.188,443,TCP,1,55,0.0,
2025-12-16 01:15:22,64.233.170.188,443,192.168.1.25,62573,TCP,1,66,0.0,
2025-12-16 01:15:23,192.168.1.25,62696,74.125.200.188,443,TCP,1,55,0.0,
2025-12-16 01:15:23,74.125.200.188,443,192.168.1.25,62696,TCP,1,66,0.0,
2025-12-16 01:15:27,0.0.0.0,0,224.0.0.1,0,2,3,138,0.004,
2025-12-16 01:15:28,192.168.1.25,60168,18.161.216.123,443,TCP,1,55,0.0,
2025-12-16 01:15:28,18.161.216.123,443,192.168.1.25,60168,TCP,1,66,0.0,
2025-12-16 01:15:28,4.224.95.102,443,192.168.1.25,61700,TCP,1,101,0.0,
2025-12-16 01:15:28,192.168.1.25,61700,4.224.95.102,443,TCP,2,166,0.092,
2025-12-16 01:15:30,192.168.1.25,56418,13.89.179.11,443,TCP,1,55,0.0,
2025-12-16 01:15:30,13.89.179.11,443,192.168.1.25,56418,TCP,1,66,0.0,
2025-12-16 01:15:30,192.168.1.25,0,224.0.0.252,0,2,1,46,0.0,
2025-12-16 01:15:30,192.168.1.25,0,224.0.0.251,0,2,1,46,0.0,
2025-12-16 01:15:30,192.168.1.25,0,239.255.102.18,0,2,1,46,0.0,
2025-12-16 01:15:31,192.168.1.25,0,239.255.255.250,0,2,1,46,0.0,
2025-12-16 01:15:34,192.168.1.25,62951,104.18.23.222,443,TCP,90,7884,523.64,
2025-12-16 01:15:34,104.18.23.222,443,192.168.1.25,62951,TCP,160,10884,523.434,
2025-12-16 01:15:35,192.168.1.25,51206,20.189.173.9,443,TCP,17,27622,18.602,
2025-12-16 01:15:35,20.189.173.9,443,192.168.1.25,51206,TCP,25,1999,18.616,
2025-12-16 01:15:36,192.168.1.25,54526,4.186.14.122,443,TCP,2,159,0.155,
2025-12-16 01:15:36,4.186.14.122,443,192.168.1.25,54526,TCP,1,94,0.0,
2025-12-16 01:15:36,192.168.1.25,53141,8.8.4.4,443,UDP,14,6579,0.132,
2025-12-16 01:15:36,8.8.4.4,443,192.168.1.25,53141,UDP,16,9965,0.122,
2025-12-16 01:15:36,192.168.1.25,61109,8.8.8.8,53,UDP,1,92,0.0,
2025-12-16 01:15:36,192.168.1.25,52286,8.8.8.8,53,UDP,1,92,0.0,
2025-12-16 01:15:36,8.8.8.8,53,192.168.1.25,52286,UDP,1,215,0.0,
2025-12-16 01:15:36,8.8.8.8,53,192.168.1.25,61109,UDP,1,260,0.0,
2025-12-16 01:15:37,192.168.1.25,51196,74.125.200.95,443,TCP,25,3470,240.165,
2025-12-16 01:15:37,74.125.200.95,443,192.168.1.25,51196,TCP,27,9075,240.179,
2025-12-16 01:15:37,192.168.1.25,60135,8.8.8.8,53,UDP,1,92,0.0,
2025-12-16 01:15:37,192.168.1.25,60135,8.8.4.4,53,UDP,1,92,0.0,
2025-12-16 01:15:37,8.8.8.8,53,192.168.1.25,60135,UDP,1,215,0.0,
2025-12-16 01:15:37,8.8.4.4,53,192.168.1.25,60135,UDP,1,215,0.0,
2025-12-16 01:15:37,104.208.16.95,443,192.168.1.25,49909,TCP,13,7655,1.026,
2025-12-16 01:15:37,192.168.1.25,49909,104.208.16.95,443,TCP,12,12745,1.331,
2025-12-16 01:15:38,192.168.1.25,52220,172.64.155.209,443,TCP,6,7607,2.019,
2025-12-16 01:15:38,192.168.1.25,52134,104.208.16.95,443,TCP,7,3048,1.217,
2025-12-16 01:15:38,104.208.16.95,443,192.168.1.25,52134,TCP,7,7019,0.945,
2025-12-16 01:15:38,172.64.155.209,443,192.168.1.25,52220,TCP,11,1366,2.149,
2025-12-16 01:15:38,192.168.1.25,52135,13.89.179.10,443,TCP,8,6935,0.814,
2025-12-16 01:15:38,13.89.179.10,443,192.168.1.25,52135,TCP,8,5459,0.586,
2025-12-16 01:15:39,192.168.1.10,0,224.0.0.251,0,2,3,180,0.004,
2025-12-16 01:15:41,192.168.1.20,0,224.0.0.252,0,2,3,138,0.004,
2025-12-16 01:15:43,192.168.1.25,55871,35.190.80.1,443,TCP,6,606,15.129,
2025-12-16 01:15:43,35.190.80.1,443,192.168.1.25,55871,TCP,6,502,15.123,
2025-12-16 01:15:44,192.168.1.25,64190,35.190.80.1,443,UDP,11,6761,0.716,
2025-12-16 01:15:44,35.190.80.1,443,192.168.1.25,64190,UDP,10,5115,0.646,
2025-12-16 01:15:44,192.168.1.20,0,239.255.255.250,0,2,3,138,0.003,
2025-12-16 01:15:45,192.168.1.25,65106,34.202.226.183,443,TCP,1,55,0.0,
2025-12-16 01:15:45,34.202.226.183,443,192.168.1.25,65106,TCP,1,66,0.0,
2025-12-16 01:15:45,192.168.1.25,56426,34.54.84.110,443,TCP,43,17016,37.419,
2025-12-16 01:15:45,34.54.84.110,443,192.168.1.25,56426,TCP,52,51338,37.404,
2025-12-16 01:15:49,192.168.1.25,62685,172.64.155.209,443,TCP,1,55,0.0,
2025-12-16 01:15:49,172.64.155.209,443,192.168.1.25,62685,TCP,1,66,0.0,
2025-12-16 01:15:49,192.168.1.25,61428,8.8.8.8,53,UDP,1,98,0.0,
2025-12-16 01:15:49,8.8.8.8,53,192.168.1.25,61428,UDP,1,212,0.0,
2025-12-16 01:15:50,192.168.1.25,52137,140.82.112.21,443,TCP,10,4713,1.323,
2025-12-16 01:15:51,140.82.112.21,443,192.168.1.25,52137,TCP,13,7161,1.34,
2025-12-16 01:15:57,192.168.1.25,52139,34.54.84.110,443,TCP,13,2850,0.484,
2025-12-16 01:15:57,34.54.84.110,443,192.168.1.25,52139,TCP,11,5395,0.435,
2025-12-16 01:16:01,192.168.1.25,51197,64.233.170.81,443,TCP,54,330135,263.85,
2025-12-16 01:16:01,64.233.170.81,443,192.168.1.25,51197,TCP,147,31231,263.841,
2025-12-16 01:16:04,192.168.1.25,51205,74.125.200.95,443,TCP,25,3470,240.287,
2025-12-16 01:16:04,74.125.200.95,443,192.168.1.25,51205,TCP,27,9162,240.191,
2025-12-16 01:16:04,192.168.1.25,51207,172.217.70.81,443,TCP,62,455701,240.941,
2025-12-16 01:16:04,172.217.70.81,443,192.168.1.25,51207,TCP,252,27034,240.929,
2025-12-16 01:16:07,192.168.1.25,62573,64.233.170.188,443,TCP,1,55,0.0,
2025-12-16 01:16:07,64.233.170.188,443,192.168.1.25,62573,TCP,1,70,0.0,
2025-12-16 01:16:07,192.168.1.28,37532,239.255.255.250,1900,UDP,1,167,0.0,
2025-12-16 01:16:08,192.168.1.25,52141,34.54.84.110,443,TCP,8,2062,0.105,
2025-12-16 01:16:08,34.54.84.110,443,192.168.1.25,52141,TCP,6,4915,0.046,
2025-12-16 01:16:08,192.168.1.25,62696,74.125.200.188,443,TCP,1,55,0.0,
2025-12-16 01:16:08,74.125.200.188,443,192.168.1.25,62696,TCP,1,66,0.0,
2025-12-16 01:16:12,192.168.1.25,60168,18.161.216.123,443,TCP,1,55,0.0,
2025-12-16 01:16:12,18.161.216.123,443,192.168.1.25,60168,TCP,1,66,0.0,
2025-12-16 01:16:15,192.168.1.25,56418,13.89.179.11,443,TCP,1,55,0.0,
2025-12-16 01:16:15,192.168.1.25,51213,74.125.200.95,443,TCP,25,3470,240.205,
2025-12-16 01:16:15,192.168.1.25,51214,74.125.200.95,443,TCP,25,3470,240.2,
2025-12-16 01:16:15,192.168.1.25,51216,74.125.200.95,443,TCP,25,3470,240.199,
2025-12-16 01:16:15,74.125.200.95,443,192.168.1.25,51216,TCP,26,8880,240.191,
2025-12-16 01:16:15,74.125.200.95,443,192.168.1.25,51213,TCP,27,9080,240.196,
2025-12-16 01:16:15,74.125.200.95,443,192.168.1.25,51214,TCP,25,8927,240.196,
2025-12-16 01:16:15,13.89.179.11,443,192.168.1.25,56418,TCP,1,66,0.0,
2025-12-16 01:16:15,192.168.1.25,51218,172.217.70.81,443,TCP,25,3531,240.234,
2025-12-16 01:16:15,192.168.1.25,51221,142.250.205.74,443,TCP,25,3411,240.121,
2025-12-16 01:16:15,142.250.205.74,443,192.168.1.25,51221,TCP,26,6885,240.118,
2025-12-16 01:16:15,192.168.1.25,51215,74.125.200.95,443,TCP,26,3548,240.468,
2025-12-16 01:16:15,192.168.1.25,51217,74.125.200.95,443,TCP,26,3548,240.494,
2025-12-16 01:16:15,74.125.200.95,443,192.168.1.25,51215,TCP,26,8901,240.457,
2025-12-16 01:16:15,74.125.200.95,443,192.168.1.25,51217,TCP,26,9029,240.494,
2025-12-16 01:16:15,192.168.1.25,51219,172.217.70.81,443,TCP,25,3569,240.57,
2025-12-16 01:16:15,172.217.70.81,443,192.168.1.25,51218,TCP,26,12569,240.235,
2025-12-16 01:16:15,172.217.70.81,443,192.168.1.25,51219,TCP,26,14510,240.565,
2025-12-16 01:16:16,192.168.1.25,54526,4.186.14.122,443,TCP,2,159,0.077,
2025-12-16 01:16:16,4.186.14.122,443,192.168.1.25,54526,TCP,1,94,0.0,
2025-12-16 01:16:16,192.168.1.25,51220,172.217.70.81,443,TCP,33,20705,240.921,
2025-12-16 01:16:16,192.168.1.25,51222,172.217.70.81,443,TCP,31,32778,240.921,
2025-12-16 01:16:16,172.217.70.81,443,192.168.1.25,51220,TCP,38,13922,240.917,
2025-12-16 01:16:16,172.217.70.81,443,192.168.1.25,51222,TCP,39,13759,240.922,
2025-12-16 01:16:18,192.168.1.25,65532,8.8.8.8,53,UDP,1,81,0.0,
2025-12-16 01:16:19,192.168.1.25,61567,8.8.8.8,53,UDP,1,76,0.0,
2025-12-16 01:16:19,192.168.1.25,65532,8.8.4.4,53,UDP,1,81,0.0,
2025-12-16 01:16:19,8.8.8.8,53,192.168.1.25,65532,UDP,1,260,0.0,
2025-12-16 01:16:19,192.168.1.25,61567,8.8.4.4,53,UDP,1,76,0.0,
2025-12-16 01:16:19,8.8.4.4,53,192.168.1.25,65532,UDP,1,264,0.0,
2025-12-16 01:16:19,8.8.4.4,53,192.168.1.25,61567,UDP,1,108,0.0,
2025-12-16 01:16:19,8.8.8.8,53,192.168.1.25,61567,UDP,1,108,0.0,
2025-12-16 01:16:19,192.168.1.25,61323,8.8.8.8,53,UDP,1,78,0.0,
2025-12-16 01:16:19,8.8.8.8,53,192.168.1.25,61323,UDP,1,249,0.0,
2025-12-16 01:16:19,192.168.1.1,0,192.168.1.25,0,1,1,594,0.0,
2025-12-16 01:16:20,192.168.1.25,51206,20.189.173.9,443,TCP,1,55,0.0,
2025-12-16 01:16:20,20.189.173.9,443,192.168.1.25,51206,TCP,1,66,0.0,
2025-12-16 01:16:22,192.168.1.25,49909,104.208.16.95,443,TCP,5,3586,0.546,
2025-12-16 01:16:22,104.208.16.95,443,192.168.1.25,49909,TCP,6,462,0.559,
2025-12-16 01:16:23,192.168.1.25,52143,104.18.43.158,443,TCP,8,2196,4.362,
2025-12-16 01:16:23,104.18.43.158,443,192.168.1.25,52143,TCP,7,4548,4.355,
2025-12-16 01:16:23,192.168.1.25,52134,104.208.16.95,443,TCP,1,55,0.0,
2025-12-16 01:16:23,104.208.16.95,443,192.168.1.25,52134,TCP,1,66,0.0,
2025-12-16 01:16:23,192.168.1.25,52142,216.24.57.7,443,TCP,9,1955,4.766,
2025-12-16 01:16:23,216.24.57.7,443,192.168.1.25,52142,TCP,8,2098,4.759,
2025-12-16 01:16:23,192.168.1.25,61700,4.224.95.102,443,TCP,2,166,0.11,
2025-12-16 01:16:23,4.224.95.102,443,192.168.1.25,61700,TCP,1,101,0.0,
2025-12-16 01:16:24,192.168.1.25,52144,216.24.57.7,443,TCP,11,6547,5.146,
2025-12-16 01:16:24,216.24.57.7,443,192.168.1.25,52144,TCP,11,5650,5.141,
2025-12-16 01:16:30,192.168.1.25,65106,34.202.226.183,443,TCP,1,55,0.0,
2025-12-16 01:16:30,34.202.226.183,443,192.168.1.25,65106,TCP,1,66,0.0,
2025-12-16 01:16:34,192.168.1.25,62685,172.64.155.209,443,TCP,1,55,0.0,
2025-12-16 01:16:34,172.64.155.209,443,192.168.1.25,62685,TCP,1,66,0.0,
2025-12-16 01:16:34,192.168.1.25,61967,8.8.8.8,53,UDP,1,98,0.0,
2025-12-16 01:16:35,192.168.1.25,61967,8.8.4.4,53,UDP,1,98,0.0,
2025-12-16 01:16:35,8.8.8.8,53,192.168.1.25,61967,UDP,1,212,0.0,
2025-12-16 01:16:35,8.8.4.4,53,192.168.1.25,61967,UDP,1,216,0.0,
2025-12-16 01:16:36,192.168.1.25,52145,140.82.113.21,443,TCP,10,4437,1.118,
2025-12-16 01:16:36,140.82.113.21,443,192.168.1.25,52145,TCP,12,7106,1.113,
2025-12-16 01:16:38,192.168.1.25,137,192.168.1.1,137,UDP,9,990,21.105,
2025-12-16 01:16:43,192.168.1.25,55871,35.190.80.1,443,TCP,6,613,14.886,
2025-12-16 01:16:43,35.190.80.1,443,192.168.1.25,55871,TCP,6,494,14.819,
2025-12-16 01:16:43,192.168.1.25,58254,35.190.80.1,443,UDP,8,4870,0.594,
2025-12-16 01:16:43,35.190.80.1,443,192.168.1.25,58254,UDP,9,3856,0.565,
2025-12-16 01:16:46,192.168.1.25,52140,34.54.84.110,443,TCP,55,13303,37.717,
2025-12-16 01:16:46,34.54.84.110,443,192.168.1.25,52140,TCP,57,51475,37.654,
2025-12-16 01:16:47,104.18.39.21,443,192.168.1.25,51804,TCP,80,5890,599.597,
2025-12-16 01:16:47,192.168.1.25,51804,104.18.39.21,443,TCP,47,3963,599.419,
2025-12-16 01:16:48,13.89.179.11,443,192.168.1.25,56418,TCP,1,54,0.0,
2025-12-16 01:16:53,192.168.1.25,52135,13.89.179.10,443,TCP,2,108,0.232,
2025-12-16 01:16:53,192.168.1.25,62573,64.233.170.188,443,TCP,1,55,0.0,
2025-12-16 01:16:53,64.233.170.188,443,192.168.1.25,62573,TCP,1,66,0.0,
2025-12-16 01:16:53,13.89.179.10,443,192.168.1.25,52135,TCP,1,54,0.0,
2025-12-16 01:16:54,192.168.1.25,62696,74.125.200.188,443,TCP,1,55,0.0,
2025-12-16 01:16:54,74.125.200.188,443,192.168.1.25,62696,TCP,1,70,0.0,
2025-12-16 01:16:55,192.168.1.20,5353,224.0.0.251,5353,UDP,6,1047,0.854,
2025-12-16 01:16:56,192.168.1.25,54526,4.186.14.122,443,TCP,2,159,0.075,
2025-12-16 01:16:56,4.186.14.122,443,192.168.1.25,54526,TCP,1,94,0.0,
2025-12-16 01:16:57,192.168.1.25,52220,172.64.155.209,443,TCP,21,29923,34.082,
2025-12-16 01:16:57,172.64.155.209,443,192.168.1.25,52220,TCP,41,4662,34.12,
2025-12-16 01:16:57,192.168.1.25,50636,8.8.4.4,443,UDP,15,4420,21.015,
2025-12-16 01:16:57,8.8.4.4,443,192.168.1.25,50636,UDP,19,7205,20.999,
2025-12-16 01:16:57,192.168.1.25,52148,34.54.84.110,443,TCP,13,2850,0.434,
2025-12-16 01:16:57,34.54.84.110,443,192.168.1.25,52148,TCP,12,5449,0.348,
2025-12-16 01:17:05,192.168.1.25,52879,8.8.8.8,53,UDP,1,92,0.0,
2025-12-16 01:17:05,192.168.1.25,56451,8.8.8.8,53,UDP,1,92,0.0,
2025-12-16 01:17:05,8.8.8.8,53,192.168.1.25,56451,UDP,1,215,0.0,
2025-12-16 01:17:05,8.8.8.8,53,192.168.1.25,52879,UDP,1,264,0.0,
2025-12-16 01:17:05,192.168.1.25,51206,20.189.173.9,443,TCP,1,55,0.0,
2025-12-16 01:17:06,192.168.1.25,49909,104.208.16.95,443,TCP,5,11867,0.531,
2025-12-16 01:17:06,20.189.173.9,443,192.168.1.25,51206,TCP,1,66,0.0,
2025-12-16 01:17:06,104.208.16.95,443,192.168.1.25,49909,TCP,10,678,0.572,
2025-12-16 01:17:08,192.168.1.28,53633,239.255.255.250,1900,UDP,1,167,0.0,
2025-12-16 01:17:12,192.168.1.25,60168,18.161.216.123,443,TCP,3,163,14.947,
2025-12-16 01:17:12,18.161.216.123,443,192.168.1.25,60168,TCP,5,321,14.937,
2025-12-16 01:17:13,4.213.25.242,443,192.168.1.25,61708,TCP,1,228,0.0,
2025-12-16 01:17:13,192.168.1.25,61708,4.213.25.242,443,TCP,2,151,0.078,
2025-12-16 01:17:15,192.168.1.25,65106,34.202.226.183,443,TCP,1,55,0.0,
2025-12-16 01:17:15,34.202.226.183,443,192.168.1.25,65106,TCP,1,66,0.0,
2025-12-16 01:17:18,192.168.1.25,61700,4.224.95.102,443,TCP,2,166,0.171,
2025-12-16 01:17:18,192.168.1.25,60354,8.8.8.8,53,UDP,1,98,0.0,
2025-12-16 01:17:18,192.168.1.25,60354,8.8.4.4,53,UDP,1,98,0.0,
2025-12-16 01:17:18,8.8.4.4,53,192.168.1.25,60354,UDP,1,216,0.0,
2025-12-16 01:17:18,8.8.8.8,53,192.168.1.25,60354,UDP,1,212,0.0,
2025-12-16 01:17:18,4.224.95.102,443,192.168.1.25,61700,TCP,1,101,0.0,
2025-12-16 01:17:19,192.168.1.25,62685,172.64.155.209,443,TCP,1,55,0.0,
2025-12-16 01:17:19,172.64.155.209,443,192.168.1.25,62685,TCP,1,66,0.0,
2025-12-16 01:17:20,192.168.1.25,60224,140.82.112.22,443,TCP,9,4788,1.17,
2025-12-16 01:17:21,140.82.112.22,443,192.168.1.25,60224,TCP,12,7107,1.364,
2025-12-16 01:17:25,192.168.1.25,52134,104.208.16.95,443,TCP,2,109,16.892,
2025-12-16 01:17:25,192.168.1.25,61114,8.8.8.8,53,UDP,1,79,0.0,
2025-12-16 01:17:25,192.168.1.25,55509,8.8.8.8,53,UDP,1,79,0.0,
2025-12-16 01:17:25,8.8.8.8,53,192.168.1.25,61114,UDP,1,276,0.0,
2025-12-16 01:17:25,8.8.8.8,53,192.168.1.25,55509,UDP,1,248,0.0,
2025-12-16 01:17:25,192.168.1.25,56574,13.107.213.58,443,TCP,24,4656,0.139,
2025-12-16 01:17:25,13.107.213.58,443,192.168.1.25,56574,TCP,40,73972,0.127,
2025-12-16 01:17:25,104.208.16.95,443,192.168.1.25,52134,TCP,2,120,16.889,
2025-12-16 01:17:30,192.168.1.25,63122,4.213.25.240,443,TCP,1,55,0.0,
2025-12-16 01:17:30,4.213.25.240,443,192.168.1.25,63122,TCP,1,66,0.0,
2025-12-16 01:17:32,192.168.1.25,56575,13.107.5.93,443,TCP,13,3257,5.872,
2025-12-16 01:17:32,13.107.5.93,443,192.168.1.25,56575,TCP,22,12937,5.856,
2025-12-16 01:17:33,192.168.1.25,63309,8.8.8.8,53,UDP,2,180,6.546,
2025-12-16 01:17:33,0.0.0.0,0,224.0.0.1,0,2,3,138,0.002,
2025-12-16 01:17:33,8.8.8.8,53,192.168.1.25,63309,UDP,2,409,6.587,
2025-12-16 01:17:33,192.168.1.25,63309,8.8.4.4,53,UDP,1,101,0.0,
2025-12-16 01:17:33,8.8.4.4,53,192.168.1.25,63309,UDP,1,248,0.0,
2025-12-16 01:17:33,192.168.1.25,56578,20.189.172.73,443,TCP,11,2461,0.906,
2025-12-16 01:17:33,192.168.1.25,56579,20.189.172.73,443,TCP,9,2345,0.901,
2025-12-16 01:17:34,20.189.172.73,443,192.168.1.25,56578,TCP,9,5485,0.874,
2025-12-16 01:17:34,20.189.172.73,443,192.168.1.25,56579,TCP,9,5485,0.867,
2025-12-16 01:17:35,192.168.1.25,52220,172.64.155.209,443,TCP,6,7594,0.501,
2025-12-16 01:17:35,172.64.155.209,443,192.168.1.25,52220,TCP,12,1221,0.552,
2025-12-16 01:17:35,192.168.1.25,0,239.255.102.18,0,2,1,46,0.0,
2025-12-16 01:17:35,192.168.1.25,0,224.0.0.252,0,2,1,46,0.0,
2025-12-16 01:17:36,192.168.1.25,54526,4.186.14.122,443,TCP,2,159,0.13,
2025-12-16 01:17:36,4.186.14.122,443,192.168.1.25,54526,TCP,1,94,0.0,
2025-12-16 01:17:36,192.168.1.25,0,239.255.255.250,0,2,1,46,0.0,
2025-12-16 01:17:37,192.168.1.25,56581,13.107.5.93,443,TCP,9,2632,4.132,
2025-12-16 01:17:37,13.107.5.93,443,192.168.1.25,56581,TCP,14,7716,4.119,
2025-12-16 01:17:37,20.189.173.9,443,192.168.1.25,51206,TCP,1,54,0.0,
2025-12-16 01:17:37,192.168.1.25,62573,64.233.170.188,443,TCP,1,55,0.0,
2025-12-16 01:17:37,64.233.170.188,443,192.168.1.25,62573,TCP,1,66,0.0,
2025-12-16 01:17:39,192.168.1.25,62696,74.125.200.188,443,TCP,1,55,0.0,
2025-12-16 01:17:39,74.125.200.188,443,192.168.1.25,62696,TCP,1,66,0.0,
2025-12-16 01:17:39,192.168.1.25,0,224.0.0.251,0,2,1,46,0.0,
2025-12-16 01:17:41,192.168.1.25,56580,13.107.5.93,443,TCP,11,3965,7.488,
2025-12-16 01:17:41,13.107.5.93,443,192.168.1.25,56580,TCP,17,9751,7.412,
2025-12-16 01:17:42,192.168.1.25,60170,172.253.118.95,443,TCP,25,3470,240.172,
2025-12-16 01:17:42,192.168.1.25,60171,172.253.118.95,443,TCP,25,3470,240.166,
2025-12-16 01:17:42,172.253.118.95,443,192.168.1.25,60171,TCP,27,9153,240.172,
2025-12-16 01:17:42,172.253.118.95,443,192.168.1.25,60170,TCP,26,8975,240.172,
2025-12-16 01:17:43,192.168.1.25,55871,35.190.80.1,443,TCP,6,610,14.968,
2025-12-16 01:17:43,35.190.80.1,443,192.168.1.25,55871,TCP,6,480,14.968,
2025-12-16 01:17:43,192.168.1.25,50506,35.190.80.1,443,UDP,8,5187,0.572,
2025-12-16 01:17:43,35.190.80.1,443,192.168.1.25,50506,UDP,9,3821,0.561,
2025-12-16 01:17:43,192.168.1.25,60172,64.233.170.81,443,TCP,36,37679,241.081,
2025-12-16 01:17:43,192.168.1.25,60173,64.233.170.81,443,TCP,33,25084,241.039,
2025-12-16 01:17:43,64.233.170.81,443,192.168.1.25,60173,TCP,42,14287,241.045,
2025-12-16 01:17:43,192.168.1.25,51242,8.8.8.8,53,UDP,1,88,0.0,
2025-12-16 01:17:43,192.168.1.25,56815,8.8.8.8,53,UDP,1,88,0.0,
2025-12-16 01:17:43,8.8.8.8,53,192.168.1.25,56815,UDP,1,198,0.0,
2025-12-16 01:17:43,8.8.8.8,53,192.168.1.25,51242,UDP,1,227,0.0,
2025-12-16 01:17:43,64.233.170.81,443,192.168.1.25,60172,TCP,47,14347,241.084,
2025-12-16 01:17:44,192.168.1.25,64767,150.171.73.16,443,TCP,11,4921,0.405,
2025-12-16 01:17:44,150.171.73.16,443,192.168.1.25,64767,TCP,13,3550,0.383,
2025-12-16 01:17:44,192.168.1.10,0,224.0.0.251,0,2,3,180,0.003,
2025-12-16 01:17:46,192.168.1.25,60223,34.54.84.110,443,TCP,39,7853,38.015,
2025-12-16 01:17:46,34.54.84.110,443,192.168.1.25,60223,TCP,38,50743,38.004,
2025-12-16 01:17:46,192.168.1.25,56582,13.107.5.93,443,TCP,9,1967,4.254,
2025-12-16 01:17:46,13.107.5.93,443,192.168.1.25,56582,TCP,13,7447,4.24,
2025-12-16 01:17:46,192.168.1.25,64768,20.42.73.24,443,TCP,8,2070,1.02,
2025-12-16 01:17:46,20.42.73.24,443,192.168.1.25,64768,TCP,9,7483,0.752,
2025-12-16 01:17:46,192.168.1.20,0,239.255.255.250,0,2,3,138,0.103,
2025-12-16 01:17:48,192.168.1.20,0,224.0.0.252,0,2,3,138,0.008,
